Title,Subject,Grade,Board,Scope,Unit,NoteType,Author,FileURL,Description
Wood Works - 9th Class Past Paper 2026 (1st Annual with Key),Wood Works,9,BISE Multan (Punjab Board),PAST_PAPERS,,Past Paper,BISE Multan / ExamForge,https://drive.google.com/file/d/1cKAI_mAKlT4ZiMZHILA7cItrGxfv2If0/preview,"### BISE Multan Class 9 (SSC Part-I) Wood Works Past Paper 2026 (1st Annual) With Official Answer Key

Download the authentic **BISE Multan Wood Works 9th Class Past Paper 2026 (1st Annual Examination)** along with the official board answer key and marking guidelines. This official examination paper has been conducted by the **Board of Intermediate and Secondary Education (BISE) Multan** strictly in accordance with the **Single National Curriculum (SNC 2025–2026)** and Punjab Textbook Board curriculum.

---

#### 📋 Examination Structure & Section Breakdown:
1. **Section-A (Objective Type / MCQs):**
   - Contains all official multiple-choice questions administered in Morning and Evening shifts.
   - Includes official verified answer keys, question code references, and answer bubbles guide.
2. **Section-B (Short Answer Questions):**
   - High-yield conceptual questions, textbook definitions, formula proofs, and fundamental principles.
   - Standard board division with choice guidelines according to current pairing scheme.
3. **Section-C (Long / Descriptive Questions & Solved Numericals):**
   - Detailed conceptual answers, comprehensive derivations, labeled diagrams, and step-by-step solutions.
   - Board standard marks distribution showing sub-part marks allocation.

---

#### 🎯 Key Benefits for Matric Students & Teachers:
- **Understand Real Paper Pattern:** Familiarize yourself with the actual difficulty level, question formats, and examiner preferences of BISE Multan.
- **Master Time Management:** Practice solving under authentic 3-hour examination conditions to maximize accuracy and speed.
- **Identify High-Weightage Topics:** Pinpoint frequently repeated questions and crucial chapters favored in Punjab Board annual exams.
- **Accurate Self-Assessment:** Use the integrated official answer key to evaluate your preparation and eliminate mistakes before final exams.

---

#### 🔍 Top Search Keywords & SEO Tags:
`bise multan 9th class wood works past paper 2026` • `class 9 wood works solved paper 2026` • `9th class wood works question paper with key` • `bise multan ssc part 1 past papers download pdf` • `punjab board matric part 1 wood works annual exam 2026` • `9th wood works board paper pakparcha`
"
Urdu - 9th Class Past Paper 2026 (1st Annual with Key),Urdu,9,BISE Multan (Punjab Board),PAST_PAPERS,,Past Paper,BISE Multan / ExamForge,https://drive.google.com/file/d/1XSiZlbrZy-jVJaGJAA45WTBZ7IMtnMWJ/preview,"### BISE Multan Class 9 (SSC Part-I) Urdu Past Paper 2026 (1st Annual) With Official Answer Key

Download the authentic **BISE Multan Urdu 9th Class Past Paper 2026 (1st Annual Examination)** along with the official board answer key and marking guidelines. This official examination paper has been conducted by the **Board of Intermediate and Secondary Education (BISE) Multan** strictly in accordance with the **Single National Curriculum (SNC 2025–2026)** and Punjab Textbook Board curriculum.

---

#### 📋 Examination Structure & Section Breakdown:
1. **Section-A (Objective Type / MCQs):**
   - Contains all official multiple-choice questions administered in Morning and Evening shifts.
   - Includes official verified answer keys, question code references, and answer bubbles guide.
2. **Section-B (Short Answer Questions):**
   - High-yield conceptual questions, textbook definitions, formula proofs, and fundamental principles.
   - Standard board division with choice guidelines according to current pairing scheme.
3. **Section-C (Long / Descriptive Questions & Solved Numericals):**
   - Detailed conceptual answers, comprehensive derivations, labeled diagrams, and step-by-step solutions.
   - Board standard marks distribution showing sub-part marks allocation.

---

#### 🎯 Key Benefits for Matric Students & Teachers:
- **Understand Real Paper Pattern:** Familiarize yourself with the actual difficulty level, question formats, and examiner preferences of BISE Multan.
- **Master Time Management:** Practice solving under authentic 3-hour examination conditions to maximize accuracy and speed.
- **Identify High-Weightage Topics:** Pinpoint frequently repeated questions and crucial chapters favored in Punjab Board annual exams.
- **Accurate Self-Assessment:** Use the integrated official answer key to evaluate your preparation and eliminate mistakes before final exams.

---

#### 🔍 Top Search Keywords & SEO Tags:
`bise multan 9th class urdu past paper 2026` • `class 9 urdu solved paper 2026` • `9th class urdu question paper with key` • `bise multan ssc part 1 past papers download pdf` • `punjab board matric part 1 urdu annual exam 2026` • `9th urdu board paper pakparcha`
"
Urdu Adab - 9th Class Past Paper 2026 (1st Annual with Key),Urdu Adab,9,BISE Multan (Punjab Board),PAST_PAPERS,,Past Paper,BISE Multan / ExamForge,https://drive.google.com/file/d/1YbyvlpZlPda1J38GZXUHs2XRI5sUUWld/preview,"### BISE Multan Class 9 (SSC Part-I) Urdu Adab Past Paper 2026 (1st Annual) With Official Answer Key

Download the authentic **BISE Multan Urdu Adab 9th Class Past Paper 2026 (1st Annual Examination)** along with the official board answer key and marking guidelines. This official examination paper has been conducted by the **Board of Intermediate and Secondary Education (BISE) Multan** strictly in accordance with the **Single National Curriculum (SNC 2025–2026)** and Punjab Textbook Board curriculum.

---

#### 📋 Examination Structure & Section Breakdown:
1. **Section-A (Objective Type / MCQs):**
   - Contains all official multiple-choice questions administered in Morning and Evening shifts.
   - Includes official verified answer keys, question code references, and answer bubbles guide.
2. **Section-B (Short Answer Questions):**
   - High-yield conceptual questions, textbook definitions, formula proofs, and fundamental principles.
   - Standard board division with choice guidelines according to current pairing scheme.
3. **Section-C (Long / Descriptive Questions & Solved Numericals):**
   - Detailed conceptual answers, comprehensive derivations, labeled diagrams, and step-by-step solutions.
   - Board standard marks distribution showing sub-part marks allocation.

---

#### 🎯 Key Benefits for Matric Students & Teachers:
- **Understand Real Paper Pattern:** Familiarize yourself with the actual difficulty level, question formats, and examiner preferences of BISE Multan.
- **Master Time Management:** Practice solving under authentic 3-hour examination conditions to maximize accuracy and speed.
- **Identify High-Weightage Topics:** Pinpoint frequently repeated questions and crucial chapters favored in Punjab Board annual exams.
- **Accurate Self-Assessment:** Use the integrated official answer key to evaluate your preparation and eliminate mistakes before final exams.

---

#### 🔍 Top Search Keywords & SEO Tags:
`bise multan 9th class urdu adab past paper 2026` • `class 9 urdu adab solved paper 2026` • `9th class urdu adab question paper with key` • `bise multan ssc part 1 past papers download pdf` • `punjab board matric part 1 urdu adab annual exam 2026` • `9th urdu adab board paper pakparcha`
"
Punjabi - 9th Class Past Paper 2026 (1st Annual with Key),Punjabi,9,BISE Multan (Punjab Board),PAST_PAPERS,,Past Paper,BISE Multan / ExamForge,https://drive.google.com/file/d/1aGh2eE_NTR6B2-N7FsSiKRRtDBRMjSf9/preview,"### BISE Multan Class 9 (SSC Part-I) Punjabi Past Paper 2026 (1st Annual) With Official Answer Key

Download the authentic **BISE Multan Punjabi 9th Class Past Paper 2026 (1st Annual Examination)** along with the official board answer key and marking guidelines. This official examination paper has been conducted by the **Board of Intermediate and Secondary Education (BISE) Multan** strictly in accordance with the **Single National Curriculum (SNC 2025–2026)** and Punjab Textbook Board curriculum.

---

#### 📋 Examination Structure & Section Breakdown:
1. **Section-A (Objective Type / MCQs):**
   - Contains all official multiple-choice questions administered in Morning and Evening shifts.
   - Includes official verified answer keys, question code references, and answer bubbles guide.
2. **Section-B (Short Answer Questions):**
   - High-yield conceptual questions, textbook definitions, formula proofs, and fundamental principles.
   - Standard board division with choice guidelines according to current pairing scheme.
3. **Section-C (Long / Descriptive Questions & Solved Numericals):**
   - Detailed conceptual answers, comprehensive derivations, labeled diagrams, and step-by-step solutions.
   - Board standard marks distribution showing sub-part marks allocation.

---

#### 🎯 Key Benefits for Matric Students & Teachers:
- **Understand Real Paper Pattern:** Familiarize yourself with the actual difficulty level, question formats, and examiner preferences of BISE Multan.
- **Master Time Management:** Practice solving under authentic 3-hour examination conditions to maximize accuracy and speed.
- **Identify High-Weightage Topics:** Pinpoint frequently repeated questions and crucial chapters favored in Punjab Board annual exams.
- **Accurate Self-Assessment:** Use the integrated official answer key to evaluate your preparation and eliminate mistakes before final exams.

---

#### 🔍 Top Search Keywords & SEO Tags:
`bise multan 9th class punjabi past paper 2026` • `class 9 punjabi solved paper 2026` • `9th class punjabi question paper with key` • `bise multan ssc part 1 past papers download pdf` • `punjab board matric part 1 punjabi annual exam 2026` • `9th punjabi board paper pakparcha`
"
Pakistan Studies - 9th Class Past Paper 2026 (1st Annual with Key),Pakistan Studies,9,BISE Multan (Punjab Board),PAST_PAPERS,,Past Paper,BISE Multan / ExamForge,https://drive.google.com/file/d/1fRuyrOpmzX-Tl50akHrENpbjECSc2iJ6/preview,"### BISE Multan Class 9 (SSC Part-I) Pakistan Studies Past Paper 2026 (1st Annual) With Official Answer Key

Download the authentic **BISE Multan Pakistan Studies 9th Class Past Paper 2026 (1st Annual Examination)** along with the official board answer key and marking guidelines. This official examination paper has been conducted by the **Board of Intermediate and Secondary Education (BISE) Multan** strictly in accordance with the **Single National Curriculum (SNC 2025–2026)** and Punjab Textbook Board curriculum.

---

#### 📋 Examination Structure & Section Breakdown:
1. **Section-A (Objective Type / MCQs):**
   - Contains all official multiple-choice questions administered in Morning and Evening shifts.
   - Includes official verified answer keys, question code references, and answer bubbles guide.
2. **Section-B (Short Answer Questions):**
   - High-yield conceptual questions, textbook definitions, formula proofs, and fundamental principles.
   - Standard board division with choice guidelines according to current pairing scheme.
3. **Section-C (Long / Descriptive Questions & Solved Numericals):**
   - Detailed conceptual answers, comprehensive derivations, labeled diagrams, and step-by-step solutions.
   - Board standard marks distribution showing sub-part marks allocation.

---

#### 🎯 Key Benefits for Matric Students & Teachers:
- **Understand Real Paper Pattern:** Familiarize yourself with the actual difficulty level, question formats, and examiner preferences of BISE Multan.
- **Master Time Management:** Practice solving under authentic 3-hour examination conditions to maximize accuracy and speed.
- **Identify High-Weightage Topics:** Pinpoint frequently repeated questions and crucial chapters favored in Punjab Board annual exams.
- **Accurate Self-Assessment:** Use the integrated official answer key to evaluate your preparation and eliminate mistakes before final exams.

---

#### 🔍 Top Search Keywords & SEO Tags:
`bise multan 9th class pakistan studies past paper 2026` • `class 9 pakistan studies solved paper 2026` • `9th class pakistan studies question paper with key` • `bise multan ssc part 1 past papers download pdf` • `punjab board matric part 1 pakistan studies annual exam 2026` • `9th pakistan studies board paper pakparcha`
"
Physiology and Hygiene - 9th Class Past Paper 2026 (1st Annual with Key),Physiology and Hygiene,9,BISE Multan (Punjab Board),PAST_PAPERS,,Past Paper,BISE Multan / ExamForge,https://drive.google.com/file/d/18X21srN-U8R2fODiwJ6nvk-ucdUhSlPm/preview,"### BISE Multan Class 9 (SSC Part-I) Physiology and Hygiene Past Paper 2026 (1st Annual) With Official Answer Key

Download the authentic **BISE Multan Physiology and Hygiene 9th Class Past Paper 2026 (1st Annual Examination)** along with the official board answer key and marking guidelines. This official examination paper has been conducted by the **Board of Intermediate and Secondary Education (BISE) Multan** strictly in accordance with the **Single National Curriculum (SNC 2025–2026)** and Punjab Textbook Board curriculum.

---

#### 📋 Examination Structure & Section Breakdown:
1. **Section-A (Objective Type / MCQs):**
   - Contains all official multiple-choice questions administered in Morning and Evening shifts.
   - Includes official verified answer keys, question code references, and answer bubbles guide.
2. **Section-B (Short Answer Questions):**
   - High-yield conceptual questions, textbook definitions, formula proofs, and fundamental principles.
   - Standard board division with choice guidelines according to current pairing scheme.
3. **Section-C (Long / Descriptive Questions & Solved Numericals):**
   - Detailed conceptual answers, comprehensive derivations, labeled diagrams, and step-by-step solutions.
   - Board standard marks distribution showing sub-part marks allocation.

---

#### 🎯 Key Benefits for Matric Students & Teachers:
- **Understand Real Paper Pattern:** Familiarize yourself with the actual difficulty level, question formats, and examiner preferences of BISE Multan.
- **Master Time Management:** Practice solving under authentic 3-hour examination conditions to maximize accuracy and speed.
- **Identify High-Weightage Topics:** Pinpoint frequently repeated questions and crucial chapters favored in Punjab Board annual exams.
- **Accurate Self-Assessment:** Use the integrated official answer key to evaluate your preparation and eliminate mistakes before final exams.

---

#### 🔍 Top Search Keywords & SEO Tags:
`bise multan 9th class physiology and hygiene past paper 2026` • `class 9 physiology and hygiene solved paper 2026` • `9th class physiology and hygiene question paper with key` • `bise multan ssc part 1 past papers download pdf` • `punjab board matric part 1 physiology and hygiene annual exam 2026` • `9th physiology and hygiene board paper pakparcha`
"
Management of Better Homes - 9th Class Past Paper 2026 (1st Annual with Key),Management of Better Homes,9,BISE Multan (Punjab Board),PAST_PAPERS,,Past Paper,BISE Multan / ExamForge,https://drive.google.com/file/d/10igDj_FqhOx8tELwHDxNIaOlQsdIPRak/preview,"### BISE Multan Class 9 (SSC Part-I) Management of Better Homes Past Paper 2026 (1st Annual) With Official Answer Key

Download the authentic **BISE Multan Management of Better Homes 9th Class Past Paper 2026 (1st Annual Examination)** along with the official board answer key and marking guidelines. This official examination paper has been conducted by the **Board of Intermediate and Secondary Education (BISE) Multan** strictly in accordance with the **Single National Curriculum (SNC 2025–2026)** and Punjab Textbook Board curriculum.

---

#### 📋 Examination Structure & Section Breakdown:
1. **Section-A (Objective Type / MCQs):**
   - Contains all official multiple-choice questions administered in Morning and Evening shifts.
   - Includes official verified answer keys, question code references, and answer bubbles guide.
2. **Section-B (Short Answer Questions):**
   - High-yield conceptual questions, textbook definitions, formula proofs, and fundamental principles.
   - Standard board division with choice guidelines according to current pairing scheme.
3. **Section-C (Long / Descriptive Questions & Solved Numericals):**
   - Detailed conceptual answers, comprehensive derivations, labeled diagrams, and step-by-step solutions.
   - Board standard marks distribution showing sub-part marks allocation.

---

#### 🎯 Key Benefits for Matric Students & Teachers:
- **Understand Real Paper Pattern:** Familiarize yourself with the actual difficulty level, question formats, and examiner preferences of BISE Multan.
- **Master Time Management:** Practice solving under authentic 3-hour examination conditions to maximize accuracy and speed.
- **Identify High-Weightage Topics:** Pinpoint frequently repeated questions and crucial chapters favored in Punjab Board annual exams.
- **Accurate Self-Assessment:** Use the integrated official answer key to evaluate your preparation and eliminate mistakes before final exams.

---

#### 🔍 Top Search Keywords & SEO Tags:
`bise multan 9th class management of better homes past paper 2026` • `class 9 management of better homes solved paper 2026` • `9th class management of better homes question paper with key` • `bise multan ssc part 1 past papers download pdf` • `punjab board matric part 1 management of better homes annual exam 2026` • `9th management of better homes board paper pakparcha`
"
Mathematics - 9th Class Past Paper 2026 (1st Annual with Key),Mathematics,9,BISE Multan (Punjab Board),PAST_PAPERS,,Past Paper,BISE Multan / ExamForge,https://drive.google.com/file/d/1iID2OhDsGVnTGJFjiafqIhOoJ-au85WE/preview,"### BISE Multan Class 9 (SSC Part-I) Mathematics Past Paper 2026 (1st Annual) With Official Answer Key

Download the authentic **BISE Multan Mathematics 9th Class Past Paper 2026 (1st Annual Examination)** along with the official board answer key and marking guidelines. This official examination paper has been conducted by the **Board of Intermediate and Secondary Education (BISE) Multan** strictly in accordance with the **Single National Curriculum (SNC 2025–2026)** and Punjab Textbook Board curriculum.

---

#### 📋 Examination Structure & Section Breakdown:
1. **Section-A (Objective Type / MCQs):**
   - Contains all official multiple-choice questions administered in Morning and Evening shifts.
   - Includes official verified answer keys, question code references, and answer bubbles guide.
2. **Section-B (Short Answer Questions):**
   - High-yield conceptual questions, textbook definitions, formula proofs, and fundamental principles.
   - Standard board division with choice guidelines according to current pairing scheme.
3. **Section-C (Long / Descriptive Questions & Solved Numericals):**
   - Detailed conceptual answers, comprehensive derivations, labeled diagrams, and step-by-step solutions.
   - Board standard marks distribution showing sub-part marks allocation.

---

#### 🎯 Key Benefits for Matric Students & Teachers:
- **Understand Real Paper Pattern:** Familiarize yourself with the actual difficulty level, question formats, and examiner preferences of BISE Multan.
- **Master Time Management:** Practice solving under authentic 3-hour examination conditions to maximize accuracy and speed.
- **Identify High-Weightage Topics:** Pinpoint frequently repeated questions and crucial chapters favored in Punjab Board annual exams.
- **Accurate Self-Assessment:** Use the integrated official answer key to evaluate your preparation and eliminate mistakes before final exams.

---

#### 🔍 Top Search Keywords & SEO Tags:
`bise multan 9th class mathematics past paper 2026` • `class 9 mathematics solved paper 2026` • `9th class mathematics question paper with key` • `bise multan ssc part 1 past papers download pdf` • `punjab board matric part 1 mathematics annual exam 2026` • `9th mathematics board paper pakparcha`
"
Islamic Studies - 9th Class Past Paper 2026 (1st Annual with Key),Islamic Studies,9,BISE Multan (Punjab Board),PAST_PAPERS,,Past Paper,BISE Multan / ExamForge,https://drive.google.com/file/d/1fusNiE1JVjngwNiW5iCKxRpAb4-aOfp2/preview,"### BISE Multan Class 9 (SSC Part-I) Islamic Studies Past Paper 2026 (1st Annual) With Official Answer Key

Download the authentic **BISE Multan Islamic Studies 9th Class Past Paper 2026 (1st Annual Examination)** along with the official board answer key and marking guidelines. This official examination paper has been conducted by the **Board of Intermediate and Secondary Education (BISE) Multan** strictly in accordance with the **Single National Curriculum (SNC 2025–2026)** and Punjab Textbook Board curriculum.

---

#### 📋 Examination Structure & Section Breakdown:
1. **Section-A (Objective Type / MCQs):**
   - Contains all official multiple-choice questions administered in Morning and Evening shifts.
   - Includes official verified answer keys, question code references, and answer bubbles guide.
2. **Section-B (Short Answer Questions):**
   - High-yield conceptual questions, textbook definitions, formula proofs, and fundamental principles.
   - Standard board division with choice guidelines according to current pairing scheme.
3. **Section-C (Long / Descriptive Questions & Solved Numericals):**
   - Detailed conceptual answers, comprehensive derivations, labeled diagrams, and step-by-step solutions.
   - Board standard marks distribution showing sub-part marks allocation.

---

#### 🎯 Key Benefits for Matric Students & Teachers:
- **Understand Real Paper Pattern:** Familiarize yourself with the actual difficulty level, question formats, and examiner preferences of BISE Multan.
- **Master Time Management:** Practice solving under authentic 3-hour examination conditions to maximize accuracy and speed.
- **Identify High-Weightage Topics:** Pinpoint frequently repeated questions and crucial chapters favored in Punjab Board annual exams.
- **Accurate Self-Assessment:** Use the integrated official answer key to evaluate your preparation and eliminate mistakes before final exams.

---

#### 🔍 Top Search Keywords & SEO Tags:
`bise multan 9th class islamic studies past paper 2026` • `class 9 islamic studies solved paper 2026` • `9th class islamic studies question paper with key` • `bise multan ssc part 1 past papers download pdf` • `punjab board matric part 1 islamic studies annual exam 2026` • `9th islamic studies board paper pakparcha`
"
Infomration and Communication Technology - 9th Class Past Paper 2026 (1st Annual with Key),Infomration and Communication Technology,9,BISE Multan (Punjab Board),PAST_PAPERS,,Past Paper,BISE Multan / ExamForge,https://drive.google.com/file/d/1g42chGRsRBebWRkpQFEsHEmzc1lCj6v_/preview,"### BISE Multan Class 9 (SSC Part-I) Infomration and Communication Technology Past Paper 2026 (1st Annual) With Official Answer Key

Download the authentic **BISE Multan Infomration and Communication Technology 9th Class Past Paper 2026 (1st Annual Examination)** along with the official board answer key and marking guidelines. This official examination paper has been conducted by the **Board of Intermediate and Secondary Education (BISE) Multan** strictly in accordance with the **Single National Curriculum (SNC 2025–2026)** and Punjab Textbook Board curriculum.

---

#### 📋 Examination Structure & Section Breakdown:
1. **Section-A (Objective Type / MCQs):**
   - Contains all official multiple-choice questions administered in Morning and Evening shifts.
   - Includes official verified answer keys, question code references, and answer bubbles guide.
2. **Section-B (Short Answer Questions):**
   - High-yield conceptual questions, textbook definitions, formula proofs, and fundamental principles.
   - Standard board division with choice guidelines according to current pairing scheme.
3. **Section-C (Long / Descriptive Questions & Solved Numericals):**
   - Detailed conceptual answers, comprehensive derivations, labeled diagrams, and step-by-step solutions.
   - Board standard marks distribution showing sub-part marks allocation.

---

#### 🎯 Key Benefits for Matric Students & Teachers:
- **Understand Real Paper Pattern:** Familiarize yourself with the actual difficulty level, question formats, and examiner preferences of BISE Multan.
- **Master Time Management:** Practice solving under authentic 3-hour examination conditions to maximize accuracy and speed.
- **Identify High-Weightage Topics:** Pinpoint frequently repeated questions and crucial chapters favored in Punjab Board annual exams.
- **Accurate Self-Assessment:** Use the integrated official answer key to evaluate your preparation and eliminate mistakes before final exams.

---

#### 🔍 Top Search Keywords & SEO Tags:
`bise multan 9th class infomration and communication technology past paper 2026` • `class 9 infomration and communication technology solved paper 2026` • `9th class infomration and communication technology question paper with key` • `bise multan ssc part 1 past papers download pdf` • `punjab board matric part 1 infomration and communication technology annual exam 2026` • `9th infomration and communication technology board paper pakparcha`
"
Health Sciences (Tech) - 9th Class Past Paper 2026 (1st Annual with Key),Health Sciences (Tech),9,BISE Multan (Punjab Board),PAST_PAPERS,,Past Paper,BISE Multan / ExamForge,https://drive.google.com/file/d/16FHZOhoMg2HBSI3x4P84M5d22KiX-YJe/preview,"### BISE Multan Class 9 (SSC Part-I) Health Sciences (Tech) Past Paper 2026 (1st Annual) With Official Answer Key

Download the authentic **BISE Multan Health Sciences (Tech) 9th Class Past Paper 2026 (1st Annual Examination)** along with the official board answer key and marking guidelines. This official examination paper has been conducted by the **Board of Intermediate and Secondary Education (BISE) Multan** strictly in accordance with the **Single National Curriculum (SNC 2025–2026)** and Punjab Textbook Board curriculum.

---

#### 📋 Examination Structure & Section Breakdown:
1. **Section-A (Objective Type / MCQs):**
   - Contains all official multiple-choice questions administered in Morning and Evening shifts.
   - Includes official verified answer keys, question code references, and answer bubbles guide.
2. **Section-B (Short Answer Questions):**
   - High-yield conceptual questions, textbook definitions, formula proofs, and fundamental principles.
   - Standard board division with choice guidelines according to current pairing scheme.
3. **Section-C (Long / Descriptive Questions & Solved Numericals):**
   - Detailed conceptual answers, comprehensive derivations, labeled diagrams, and step-by-step solutions.
   - Board standard marks distribution showing sub-part marks allocation.

---

#### 🎯 Key Benefits for Matric Students & Teachers:
- **Understand Real Paper Pattern:** Familiarize yourself with the actual difficulty level, question formats, and examiner preferences of BISE Multan.
- **Master Time Management:** Practice solving under authentic 3-hour examination conditions to maximize accuracy and speed.
- **Identify High-Weightage Topics:** Pinpoint frequently repeated questions and crucial chapters favored in Punjab Board annual exams.
- **Accurate Self-Assessment:** Use the integrated official answer key to evaluate your preparation and eliminate mistakes before final exams.

---

#### 🔍 Top Search Keywords & SEO Tags:
`bise multan 9th class health sciences (tech) past paper 2026` • `class 9 health sciences (tech) solved paper 2026` • `9th class health sciences (tech) question paper with key` • `bise multan ssc part 1 past papers download pdf` • `punjab board matric part 1 health sciences (tech) annual exam 2026` • `9th health sciences (tech) board paper pakparcha`
"
Holy Quran - 9th Class Past Paper 2026 (1st Annual with Key),Holy Quran,9,BISE Multan (Punjab Board),PAST_PAPERS,,Past Paper,BISE Multan / ExamForge,https://drive.google.com/file/d/14GEHuSBAel7dILmJCgUFJVptGvT3iBt5/preview,"### BISE Multan Class 9 (SSC Part-I) Holy Quran Past Paper 2026 (1st Annual) With Official Answer Key

Download the authentic **BISE Multan Holy Quran 9th Class Past Paper 2026 (1st Annual Examination)** along with the official board answer key and marking guidelines. This official examination paper has been conducted by the **Board of Intermediate and Secondary Education (BISE) Multan** strictly in accordance with the **Single National Curriculum (SNC 2025–2026)** and Punjab Textbook Board curriculum.

---

#### 📋 Examination Structure & Section Breakdown:
1. **Section-A (Objective Type / MCQs):**
   - Contains all official multiple-choice questions administered in Morning and Evening shifts.
   - Includes official verified answer keys, question code references, and answer bubbles guide.
2. **Section-B (Short Answer Questions):**
   - High-yield conceptual questions, textbook definitions, formula proofs, and fundamental principles.
   - Standard board division with choice guidelines according to current pairing scheme.
3. **Section-C (Long / Descriptive Questions & Solved Numericals):**
   - Detailed conceptual answers, comprehensive derivations, labeled diagrams, and step-by-step solutions.
   - Board standard marks distribution showing sub-part marks allocation.

---

#### 🎯 Key Benefits for Matric Students & Teachers:
- **Understand Real Paper Pattern:** Familiarize yourself with the actual difficulty level, question formats, and examiner preferences of BISE Multan.
- **Master Time Management:** Practice solving under authentic 3-hour examination conditions to maximize accuracy and speed.
- **Identify High-Weightage Topics:** Pinpoint frequently repeated questions and crucial chapters favored in Punjab Board annual exams.
- **Accurate Self-Assessment:** Use the integrated official answer key to evaluate your preparation and eliminate mistakes before final exams.

---

#### 🔍 Top Search Keywords & SEO Tags:
`bise multan 9th class holy quran past paper 2026` • `class 9 holy quran solved paper 2026` • `9th class holy quran question paper with key` • `bise multan ssc part 1 past papers download pdf` • `punjab board matric part 1 holy quran annual exam 2026` • `9th holy quran board paper pakparcha`
"
Health and Physical Education - 9th Class Past Paper 2026 (1st Annual with Key),Health and Physical Education,9,BISE Multan (Punjab Board),PAST_PAPERS,,Past Paper,BISE Multan / ExamForge,https://drive.google.com/file/d/1rThnGXRpRbuO-YxdA2bzyhKjJrubgeHb/preview,"### BISE Multan Class 9 (SSC Part-I) Health and Physical Education Past Paper 2026 (1st Annual) With Official Answer Key

Download the authentic **BISE Multan Health and Physical Education 9th Class Past Paper 2026 (1st Annual Examination)** along with the official board answer key and marking guidelines. This official examination paper has been conducted by the **Board of Intermediate and Secondary Education (BISE) Multan** strictly in accordance with the **Single National Curriculum (SNC 2025–2026)** and Punjab Textbook Board curriculum.

---

#### 📋 Examination Structure & Section Breakdown:
1. **Section-A (Objective Type / MCQs):**
   - Contains all official multiple-choice questions administered in Morning and Evening shifts.
   - Includes official verified answer keys, question code references, and answer bubbles guide.
2. **Section-B (Short Answer Questions):**
   - High-yield conceptual questions, textbook definitions, formula proofs, and fundamental principles.
   - Standard board division with choice guidelines according to current pairing scheme.
3. **Section-C (Long / Descriptive Questions & Solved Numericals):**
   - Detailed conceptual answers, comprehensive derivations, labeled diagrams, and step-by-step solutions.
   - Board standard marks distribution showing sub-part marks allocation.

---

#### 🎯 Key Benefits for Matric Students & Teachers:
- **Understand Real Paper Pattern:** Familiarize yourself with the actual difficulty level, question formats, and examiner preferences of BISE Multan.
- **Master Time Management:** Practice solving under authentic 3-hour examination conditions to maximize accuracy and speed.
- **Identify High-Weightage Topics:** Pinpoint frequently repeated questions and crucial chapters favored in Punjab Board annual exams.
- **Accurate Self-Assessment:** Use the integrated official answer key to evaluate your preparation and eliminate mistakes before final exams.

---

#### 🔍 Top Search Keywords & SEO Tags:
`bise multan 9th class health and physical education past paper 2026` • `class 9 health and physical education solved paper 2026` • `9th class health and physical education question paper with key` • `bise multan ssc part 1 past papers download pdf` • `punjab board matric part 1 health and physical education annual exam 2026` • `9th health and physical education board paper pakparcha`
"
History of Pakistan - 9th Class Past Paper 2026 (1st Annual with Key),History of Pakistan,9,BISE Multan (Punjab Board),PAST_PAPERS,,Past Paper,BISE Multan / ExamForge,https://drive.google.com/file/d/1c4rEwo1XvRc2Qr4XeRK7L4Ld9rvsMflI/preview,"### BISE Multan Class 9 (SSC Part-I) History of Pakistan Past Paper 2026 (1st Annual) With Official Answer Key

Download the authentic **BISE Multan History of Pakistan 9th Class Past Paper 2026 (1st Annual Examination)** along with the official board answer key and marking guidelines. This official examination paper has been conducted by the **Board of Intermediate and Secondary Education (BISE) Multan** strictly in accordance with the **Single National Curriculum (SNC 2025–2026)** and Punjab Textbook Board curriculum.

---

#### 📋 Examination Structure & Section Breakdown:
1. **Section-A (Objective Type / MCQs):**
   - Contains all official multiple-choice questions administered in Morning and Evening shifts.
   - Includes official verified answer keys, question code references, and answer bubbles guide.
2. **Section-B (Short Answer Questions):**
   - High-yield conceptual questions, textbook definitions, formula proofs, and fundamental principles.
   - Standard board division with choice guidelines according to current pairing scheme.
3. **Section-C (Long / Descriptive Questions & Solved Numericals):**
   - Detailed conceptual answers, comprehensive derivations, labeled diagrams, and step-by-step solutions.
   - Board standard marks distribution showing sub-part marks allocation.

---

#### 🎯 Key Benefits for Matric Students & Teachers:
- **Understand Real Paper Pattern:** Familiarize yourself with the actual difficulty level, question formats, and examiner preferences of BISE Multan.
- **Master Time Management:** Practice solving under authentic 3-hour examination conditions to maximize accuracy and speed.
- **Identify High-Weightage Topics:** Pinpoint frequently repeated questions and crucial chapters favored in Punjab Board annual exams.
- **Accurate Self-Assessment:** Use the integrated official answer key to evaluate your preparation and eliminate mistakes before final exams.

---

#### 🔍 Top Search Keywords & SEO Tags:
`bise multan 9th class history of pakistan past paper 2026` • `class 9 history of pakistan solved paper 2026` • `9th class history of pakistan question paper with key` • `bise multan ssc part 1 past papers download pdf` • `punjab board matric part 1 history of pakistan annual exam 2026` • `9th history of pakistan board paper pakparcha`
"
History of Islam - 9th Class Past Paper 2026 (1st Annual with Key),History of Islam,9,BISE Multan (Punjab Board),PAST_PAPERS,,Past Paper,BISE Multan / ExamForge,https://drive.google.com/file/d/13B_hPiCgPQt9u8H8tb_Ep6WBqTbq3uhP/preview,"### BISE Multan Class 9 (SSC Part-I) History of Islam Past Paper 2026 (1st Annual) With Official Answer Key

Download the authentic **BISE Multan History of Islam 9th Class Past Paper 2026 (1st Annual Examination)** along with the official board answer key and marking guidelines. This official examination paper has been conducted by the **Board of Intermediate and Secondary Education (BISE) Multan** strictly in accordance with the **Single National Curriculum (SNC 2025–2026)** and Punjab Textbook Board curriculum.

---

#### 📋 Examination Structure & Section Breakdown:
1. **Section-A (Objective Type / MCQs):**
   - Contains all official multiple-choice questions administered in Morning and Evening shifts.
   - Includes official verified answer keys, question code references, and answer bubbles guide.
2. **Section-B (Short Answer Questions):**
   - High-yield conceptual questions, textbook definitions, formula proofs, and fundamental principles.
   - Standard board division with choice guidelines according to current pairing scheme.
3. **Section-C (Long / Descriptive Questions & Solved Numericals):**
   - Detailed conceptual answers, comprehensive derivations, labeled diagrams, and step-by-step solutions.
   - Board standard marks distribution showing sub-part marks allocation.

---

#### 🎯 Key Benefits for Matric Students & Teachers:
- **Understand Real Paper Pattern:** Familiarize yourself with the actual difficulty level, question formats, and examiner preferences of BISE Multan.
- **Master Time Management:** Practice solving under authentic 3-hour examination conditions to maximize accuracy and speed.
- **Identify High-Weightage Topics:** Pinpoint frequently repeated questions and crucial chapters favored in Punjab Board annual exams.
- **Accurate Self-Assessment:** Use the integrated official answer key to evaluate your preparation and eliminate mistakes before final exams.

---

#### 🔍 Top Search Keywords & SEO Tags:
`bise multan 9th class history of islam past paper 2026` • `class 9 history of islam solved paper 2026` • `9th class history of islam question paper with key` • `bise multan ssc part 1 past papers download pdf` • `punjab board matric part 1 history of islam annual exam 2026` • `9th history of islam board paper pakparcha`
"
Geometrical and Technical Drawing - 9th Class Past Paper 2026 (1st Annual with Key),Geometrical and Technical Drawing,9,BISE Multan (Punjab Board),PAST_PAPERS,,Past Paper,BISE Multan / ExamForge,https://drive.google.com/file/d/1-ZE8QyWjhg4eEmyl6xNiBNTctj-lgPMR/preview,"### BISE Multan Class 9 (SSC Part-I) Geometrical and Technical Drawing Past Paper 2026 (1st Annual) With Official Answer Key

Download the authentic **BISE Multan Geometrical and Technical Drawing 9th Class Past Paper 2026 (1st Annual Examination)** along with the official board answer key and marking guidelines. This official examination paper has been conducted by the **Board of Intermediate and Secondary Education (BISE) Multan** strictly in accordance with the **Single National Curriculum (SNC 2025–2026)** and Punjab Textbook Board curriculum.

---

#### 📋 Examination Structure & Section Breakdown:
1. **Section-A (Objective Type / MCQs):**
   - Contains all official multiple-choice questions administered in Morning and Evening shifts.
   - Includes official verified answer keys, question code references, and answer bubbles guide.
2. **Section-B (Short Answer Questions):**
   - High-yield conceptual questions, textbook definitions, formula proofs, and fundamental principles.
   - Standard board division with choice guidelines according to current pairing scheme.
3. **Section-C (Long / Descriptive Questions & Solved Numericals):**
   - Detailed conceptual answers, comprehensive derivations, labeled diagrams, and step-by-step solutions.
   - Board standard marks distribution showing sub-part marks allocation.

---

#### 🎯 Key Benefits for Matric Students & Teachers:
- **Understand Real Paper Pattern:** Familiarize yourself with the actual difficulty level, question formats, and examiner preferences of BISE Multan.
- **Master Time Management:** Practice solving under authentic 3-hour examination conditions to maximize accuracy and speed.
- **Identify High-Weightage Topics:** Pinpoint frequently repeated questions and crucial chapters favored in Punjab Board annual exams.
- **Accurate Self-Assessment:** Use the integrated official answer key to evaluate your preparation and eliminate mistakes before final exams.

---

#### 🔍 Top Search Keywords & SEO Tags:
`bise multan 9th class geometrical and technical drawing past paper 2026` • `class 9 geometrical and technical drawing solved paper 2026` • `9th class geometrical and technical drawing question paper with key` • `bise multan ssc part 1 past papers download pdf` • `punjab board matric part 1 geometrical and technical drawing annual exam 2026` • `9th geometrical and technical drawing board paper pakparcha`
"
General Mathematics - 9th Class Past Paper 2026 (1st Annual with Key),General Mathematics,9,BISE Multan (Punjab Board),PAST_PAPERS,,Past Paper,BISE Multan / ExamForge,https://drive.google.com/file/d/1ljaPm1kCrKlKYnkrw1SB8quKrz3HqeoR/preview,"### BISE Multan Class 9 (SSC Part-I) General Mathematics Past Paper 2026 (1st Annual) With Official Answer Key

Download the authentic **BISE Multan General Mathematics 9th Class Past Paper 2026 (1st Annual Examination)** along with the official board answer key and marking guidelines. This official examination paper has been conducted by the **Board of Intermediate and Secondary Education (BISE) Multan** strictly in accordance with the **Single National Curriculum (SNC 2025–2026)** and Punjab Textbook Board curriculum.

---

#### 📋 Examination Structure & Section Breakdown:
1. **Section-A (Objective Type / MCQs):**
   - Contains all official multiple-choice questions administered in Morning and Evening shifts.
   - Includes official verified answer keys, question code references, and answer bubbles guide.
2. **Section-B (Short Answer Questions):**
   - High-yield conceptual questions, textbook definitions, formula proofs, and fundamental principles.
   - Standard board division with choice guidelines according to current pairing scheme.
3. **Section-C (Long / Descriptive Questions & Solved Numericals):**
   - Detailed conceptual answers, comprehensive derivations, labeled diagrams, and step-by-step solutions.
   - Board standard marks distribution showing sub-part marks allocation.

---

#### 🎯 Key Benefits for Matric Students & Teachers:
- **Understand Real Paper Pattern:** Familiarize yourself with the actual difficulty level, question formats, and examiner preferences of BISE Multan.
- **Master Time Management:** Practice solving under authentic 3-hour examination conditions to maximize accuracy and speed.
- **Identify High-Weightage Topics:** Pinpoint frequently repeated questions and crucial chapters favored in Punjab Board annual exams.
- **Accurate Self-Assessment:** Use the integrated official answer key to evaluate your preparation and eliminate mistakes before final exams.

---

#### 🔍 Top Search Keywords & SEO Tags:
`bise multan 9th class general mathematics past paper 2026` • `class 9 general mathematics solved paper 2026` • `9th class general mathematics question paper with key` • `bise multan ssc part 1 past papers download pdf` • `punjab board matric part 1 general mathematics annual exam 2026` • `9th general mathematics board paper pakparcha`
"
Geography - 9th Class Past Paper 2026 (1st Annual with Key),Geography,9,BISE Multan (Punjab Board),PAST_PAPERS,,Past Paper,BISE Multan / ExamForge,https://drive.google.com/file/d/1hMhOtlEovGeQ3q_9uWaI2gCbdABMq8OC/preview,"### BISE Multan Class 9 (SSC Part-I) Geography Past Paper 2026 (1st Annual) With Official Answer Key

Download the authentic **BISE Multan Geography 9th Class Past Paper 2026 (1st Annual Examination)** along with the official board answer key and marking guidelines. This official examination paper has been conducted by the **Board of Intermediate and Secondary Education (BISE) Multan** strictly in accordance with the **Single National Curriculum (SNC 2025–2026)** and Punjab Textbook Board curriculum.

---

#### 📋 Examination Structure & Section Breakdown:
1. **Section-A (Objective Type / MCQs):**
   - Contains all official multiple-choice questions administered in Morning and Evening shifts.
   - Includes official verified answer keys, question code references, and answer bubbles guide.
2. **Section-B (Short Answer Questions):**
   - High-yield conceptual questions, textbook definitions, formula proofs, and fundamental principles.
   - Standard board division with choice guidelines according to current pairing scheme.
3. **Section-C (Long / Descriptive Questions & Solved Numericals):**
   - Detailed conceptual answers, comprehensive derivations, labeled diagrams, and step-by-step solutions.
   - Board standard marks distribution showing sub-part marks allocation.

---

#### 🎯 Key Benefits for Matric Students & Teachers:
- **Understand Real Paper Pattern:** Familiarize yourself with the actual difficulty level, question formats, and examiner preferences of BISE Multan.
- **Master Time Management:** Practice solving under authentic 3-hour examination conditions to maximize accuracy and speed.
- **Identify High-Weightage Topics:** Pinpoint frequently repeated questions and crucial chapters favored in Punjab Board annual exams.
- **Accurate Self-Assessment:** Use the integrated official answer key to evaluate your preparation and eliminate mistakes before final exams.

---

#### 🔍 Top Search Keywords & SEO Tags:
`bise multan 9th class geography past paper 2026` • `class 9 geography solved paper 2026` • `9th class geography question paper with key` • `bise multan ssc part 1 past papers download pdf` • `punjab board matric part 1 geography annual exam 2026` • `9th geography board paper pakparcha`
"
Food And Nutritions - 9th Class Past Paper 2026 (1st Annual with Key),Food And Nutritions,9,BISE Multan (Punjab Board),PAST_PAPERS,,Past Paper,BISE Multan / ExamForge,https://drive.google.com/file/d/1akee-BldigURpxd-HGg7QciIRxHpnIxU/preview,"### BISE Multan Class 9 (SSC Part-I) Food And Nutritions Past Paper 2026 (1st Annual) With Official Answer Key

Download the authentic **BISE Multan Food And Nutritions 9th Class Past Paper 2026 (1st Annual Examination)** along with the official board answer key and marking guidelines. This official examination paper has been conducted by the **Board of Intermediate and Secondary Education (BISE) Multan** strictly in accordance with the **Single National Curriculum (SNC 2025–2026)** and Punjab Textbook Board curriculum.

---

#### 📋 Examination Structure & Section Breakdown:
1. **Section-A (Objective Type / MCQs):**
   - Contains all official multiple-choice questions administered in Morning and Evening shifts.
   - Includes official verified answer keys, question code references, and answer bubbles guide.
2. **Section-B (Short Answer Questions):**
   - High-yield conceptual questions, textbook definitions, formula proofs, and fundamental principles.
   - Standard board division with choice guidelines according to current pairing scheme.
3. **Section-C (Long / Descriptive Questions & Solved Numericals):**
   - Detailed conceptual answers, comprehensive derivations, labeled diagrams, and step-by-step solutions.
   - Board standard marks distribution showing sub-part marks allocation.

---

#### 🎯 Key Benefits for Matric Students & Teachers:
- **Understand Real Paper Pattern:** Familiarize yourself with the actual difficulty level, question formats, and examiner preferences of BISE Multan.
- **Master Time Management:** Practice solving under authentic 3-hour examination conditions to maximize accuracy and speed.
- **Identify High-Weightage Topics:** Pinpoint frequently repeated questions and crucial chapters favored in Punjab Board annual exams.
- **Accurate Self-Assessment:** Use the integrated official answer key to evaluate your preparation and eliminate mistakes before final exams.

---

#### 🔍 Top Search Keywords & SEO Tags:
`bise multan 9th class food and nutritions past paper 2026` • `class 9 food and nutritions solved paper 2026` • `9th class food and nutritions question paper with key` • `bise multan ssc part 1 past papers download pdf` • `punjab board matric part 1 food and nutritions annual exam 2026` • `9th food and nutritions board paper pakparcha`
"
Fashion Designing (Tech) - 9th Class Past Paper 2026 (1st Annual with Key),Fashion Designing (Tech),9,BISE Multan (Punjab Board),PAST_PAPERS,,Past Paper,BISE Multan / ExamForge,https://drive.google.com/file/d/1EDl-hwc7Fk6zFn5rlNnOBEU5tmi-iPQZ/preview,"### BISE Multan Class 9 (SSC Part-I) Fashion Designing (Tech) Past Paper 2026 (1st Annual) With Official Answer Key

Download the authentic **BISE Multan Fashion Designing (Tech) 9th Class Past Paper 2026 (1st Annual Examination)** along with the official board answer key and marking guidelines. This official examination paper has been conducted by the **Board of Intermediate and Secondary Education (BISE) Multan** strictly in accordance with the **Single National Curriculum (SNC 2025–2026)** and Punjab Textbook Board curriculum.

---

#### 📋 Examination Structure & Section Breakdown:
1. **Section-A (Objective Type / MCQs):**
   - Contains all official multiple-choice questions administered in Morning and Evening shifts.
   - Includes official verified answer keys, question code references, and answer bubbles guide.
2. **Section-B (Short Answer Questions):**
   - High-yield conceptual questions, textbook definitions, formula proofs, and fundamental principles.
   - Standard board division with choice guidelines according to current pairing scheme.
3. **Section-C (Long / Descriptive Questions & Solved Numericals):**
   - Detailed conceptual answers, comprehensive derivations, labeled diagrams, and step-by-step solutions.
   - Board standard marks distribution showing sub-part marks allocation.

---

#### 🎯 Key Benefits for Matric Students & Teachers:
- **Understand Real Paper Pattern:** Familiarize yourself with the actual difficulty level, question formats, and examiner preferences of BISE Multan.
- **Master Time Management:** Practice solving under authentic 3-hour examination conditions to maximize accuracy and speed.
- **Identify High-Weightage Topics:** Pinpoint frequently repeated questions and crucial chapters favored in Punjab Board annual exams.
- **Accurate Self-Assessment:** Use the integrated official answer key to evaluate your preparation and eliminate mistakes before final exams.

---

#### 🔍 Top Search Keywords & SEO Tags:
`bise multan 9th class fashion designing (tech) past paper 2026` • `class 9 fashion designing (tech) solved paper 2026` • `9th class fashion designing (tech) question paper with key` • `bise multan ssc part 1 past papers download pdf` • `punjab board matric part 1 fashion designing (tech) annual exam 2026` • `9th fashion designing (tech) board paper pakparcha`
"
Ethics - 9th Class Past Paper 2026 (1st Annual with Key),Ethics,9,BISE Multan (Punjab Board),PAST_PAPERS,,Past Paper,BISE Multan / ExamForge,https://drive.google.com/file/d/15hSuW6w-t1cAunZzqcBjt68nUbJV9yDQ/preview,"### BISE Multan Class 9 (SSC Part-I) Ethics Past Paper 2026 (1st Annual) With Official Answer Key

Download the authentic **BISE Multan Ethics 9th Class Past Paper 2026 (1st Annual Examination)** along with the official board answer key and marking guidelines. This official examination paper has been conducted by the **Board of Intermediate and Secondary Education (BISE) Multan** strictly in accordance with the **Single National Curriculum (SNC 2025–2026)** and Punjab Textbook Board curriculum.

---

#### 📋 Examination Structure & Section Breakdown:
1. **Section-A (Objective Type / MCQs):**
   - Contains all official multiple-choice questions administered in Morning and Evening shifts.
   - Includes official verified answer keys, question code references, and answer bubbles guide.
2. **Section-B (Short Answer Questions):**
   - High-yield conceptual questions, textbook definitions, formula proofs, and fundamental principles.
   - Standard board division with choice guidelines according to current pairing scheme.
3. **Section-C (Long / Descriptive Questions & Solved Numericals):**
   - Detailed conceptual answers, comprehensive derivations, labeled diagrams, and step-by-step solutions.
   - Board standard marks distribution showing sub-part marks allocation.

---

#### 🎯 Key Benefits for Matric Students & Teachers:
- **Understand Real Paper Pattern:** Familiarize yourself with the actual difficulty level, question formats, and examiner preferences of BISE Multan.
- **Master Time Management:** Practice solving under authentic 3-hour examination conditions to maximize accuracy and speed.
- **Identify High-Weightage Topics:** Pinpoint frequently repeated questions and crucial chapters favored in Punjab Board annual exams.
- **Accurate Self-Assessment:** Use the integrated official answer key to evaluate your preparation and eliminate mistakes before final exams.

---

#### 🔍 Top Search Keywords & SEO Tags:
`bise multan 9th class ethics past paper 2026` • `class 9 ethics solved paper 2026` • `9th class ethics question paper with key` • `bise multan ssc part 1 past papers download pdf` • `punjab board matric part 1 ethics annual exam 2026` • `9th ethics board paper pakparcha`
"
English - 9th Class Past Paper 2026 (1st Annual with Key),English,9,BISE Multan (Punjab Board),PAST_PAPERS,,Past Paper,BISE Multan / ExamForge,https://drive.google.com/file/d/12kJ83I7rBCEsvOJfPNB5fDKjILuMphBQ/preview,"### BISE Multan Class 9 (SSC Part-I) English Past Paper 2026 (1st Annual) With Official Answer Key

Download the authentic **BISE Multan English 9th Class Past Paper 2026 (1st Annual Examination)** along with the official board answer key and marking guidelines. This official examination paper has been conducted by the **Board of Intermediate and Secondary Education (BISE) Multan** strictly in accordance with the **Single National Curriculum (SNC 2025–2026)** and Punjab Textbook Board curriculum.

---

#### 📋 Examination Structure & Section Breakdown:
1. **Section-A (Objective Type / MCQs):**
   - Contains all official multiple-choice questions administered in Morning and Evening shifts.
   - Includes official verified answer keys, question code references, and answer bubbles guide.
2. **Section-B (Short Answer Questions):**
   - High-yield conceptual questions, textbook definitions, formula proofs, and fundamental principles.
   - Standard board division with choice guidelines according to current pairing scheme.
3. **Section-C (Long / Descriptive Questions & Solved Numericals):**
   - Detailed conceptual answers, comprehensive derivations, labeled diagrams, and step-by-step solutions.
   - Board standard marks distribution showing sub-part marks allocation.

---

#### 🎯 Key Benefits for Matric Students & Teachers:
- **Understand Real Paper Pattern:** Familiarize yourself with the actual difficulty level, question formats, and examiner preferences of BISE Multan.
- **Master Time Management:** Practice solving under authentic 3-hour examination conditions to maximize accuracy and speed.
- **Identify High-Weightage Topics:** Pinpoint frequently repeated questions and crucial chapters favored in Punjab Board annual exams.
- **Accurate Self-Assessment:** Use the integrated official answer key to evaluate your preparation and eliminate mistakes before final exams.

---

#### 🔍 Top Search Keywords & SEO Tags:
`bise multan 9th class english past paper 2026` • `class 9 english solved paper 2026` • `9th class english question paper with key` • `bise multan ssc part 1 past papers download pdf` • `punjab board matric part 1 english annual exam 2026` • `9th english board paper pakparcha`
"
Electrical Wiring - 9th Class Past Paper 2026 (1st Annual with Key),Electrical Wiring,9,BISE Multan (Punjab Board),PAST_PAPERS,,Past Paper,BISE Multan / ExamForge,https://drive.google.com/file/d/1eZhP01bW0A1j0LOneGeHehCi0dvDPtp3/preview,"### BISE Multan Class 9 (SSC Part-I) Electrical Wiring Past Paper 2026 (1st Annual) With Official Answer Key

Download the authentic **BISE Multan Electrical Wiring 9th Class Past Paper 2026 (1st Annual Examination)** along with the official board answer key and marking guidelines. This official examination paper has been conducted by the **Board of Intermediate and Secondary Education (BISE) Multan** strictly in accordance with the **Single National Curriculum (SNC 2025–2026)** and Punjab Textbook Board curriculum.

---

#### 📋 Examination Structure & Section Breakdown:
1. **Section-A (Objective Type / MCQs):**
   - Contains all official multiple-choice questions administered in Morning and Evening shifts.
   - Includes official verified answer keys, question code references, and answer bubbles guide.
2. **Section-B (Short Answer Questions):**
   - High-yield conceptual questions, textbook definitions, formula proofs, and fundamental principles.
   - Standard board division with choice guidelines according to current pairing scheme.
3. **Section-C (Long / Descriptive Questions & Solved Numericals):**
   - Detailed conceptual answers, comprehensive derivations, labeled diagrams, and step-by-step solutions.
   - Board standard marks distribution showing sub-part marks allocation.

---

#### 🎯 Key Benefits for Matric Students & Teachers:
- **Understand Real Paper Pattern:** Familiarize yourself with the actual difficulty level, question formats, and examiner preferences of BISE Multan.
- **Master Time Management:** Practice solving under authentic 3-hour examination conditions to maximize accuracy and speed.
- **Identify High-Weightage Topics:** Pinpoint frequently repeated questions and crucial chapters favored in Punjab Board annual exams.
- **Accurate Self-Assessment:** Use the integrated official answer key to evaluate your preparation and eliminate mistakes before final exams.

---

#### 🔍 Top Search Keywords & SEO Tags:
`bise multan 9th class electrical wiring past paper 2026` • `class 9 electrical wiring solved paper 2026` • `9th class electrical wiring question paper with key` • `bise multan ssc part 1 past papers download pdf` • `punjab board matric part 1 electrical wiring annual exam 2026` • `9th electrical wiring board paper pakparcha`
"
Elements of Home Economics - 9th Class Past Paper 2026 (1st Annual with Key),Elements of Home Economics,9,BISE Multan (Punjab Board),PAST_PAPERS,,Past Paper,BISE Multan / ExamForge,https://drive.google.com/file/d/14bCOwBIvUnZZ_SEhep7poD6nOdBXxv4p/preview,"### BISE Multan Class 9 (SSC Part-I) Elements of Home Economics Past Paper 2026 (1st Annual) With Official Answer Key

Download the authentic **BISE Multan Elements of Home Economics 9th Class Past Paper 2026 (1st Annual Examination)** along with the official board answer key and marking guidelines. This official examination paper has been conducted by the **Board of Intermediate and Secondary Education (BISE) Multan** strictly in accordance with the **Single National Curriculum (SNC 2025–2026)** and Punjab Textbook Board curriculum.

---

#### 📋 Examination Structure & Section Breakdown:
1. **Section-A (Objective Type / MCQs):**
   - Contains all official multiple-choice questions administered in Morning and Evening shifts.
   - Includes official verified answer keys, question code references, and answer bubbles guide.
2. **Section-B (Short Answer Questions):**
   - High-yield conceptual questions, textbook definitions, formula proofs, and fundamental principles.
   - Standard board division with choice guidelines according to current pairing scheme.
3. **Section-C (Long / Descriptive Questions & Solved Numericals):**
   - Detailed conceptual answers, comprehensive derivations, labeled diagrams, and step-by-step solutions.
   - Board standard marks distribution showing sub-part marks allocation.

---

#### 🎯 Key Benefits for Matric Students & Teachers:
- **Understand Real Paper Pattern:** Familiarize yourself with the actual difficulty level, question formats, and examiner preferences of BISE Multan.
- **Master Time Management:** Practice solving under authentic 3-hour examination conditions to maximize accuracy and speed.
- **Identify High-Weightage Topics:** Pinpoint frequently repeated questions and crucial chapters favored in Punjab Board annual exams.
- **Accurate Self-Assessment:** Use the integrated official answer key to evaluate your preparation and eliminate mistakes before final exams.

---

#### 🔍 Top Search Keywords & SEO Tags:
`bise multan 9th class elements of home economics past paper 2026` • `class 9 elements of home economics solved paper 2026` • `9th class elements of home economics question paper with key` • `bise multan ssc part 1 past papers download pdf` • `punjab board matric part 1 elements of home economics annual exam 2026` • `9th elements of home economics board paper pakparcha`
"
Education - 9th Class Past Paper 2026 (1st Annual with Key),Education,9,BISE Multan (Punjab Board),PAST_PAPERS,,Past Paper,BISE Multan / ExamForge,https://drive.google.com/file/d/1qIoWmECw3lpTwNb5ZWed_UEivncTopK0/preview,"### BISE Multan Class 9 (SSC Part-I) Education Past Paper 2026 (1st Annual) With Official Answer Key

Download the authentic **BISE Multan Education 9th Class Past Paper 2026 (1st Annual Examination)** along with the official board answer key and marking guidelines. This official examination paper has been conducted by the **Board of Intermediate and Secondary Education (BISE) Multan** strictly in accordance with the **Single National Curriculum (SNC 2025–2026)** and Punjab Textbook Board curriculum.

---

#### 📋 Examination Structure & Section Breakdown:
1. **Section-A (Objective Type / MCQs):**
   - Contains all official multiple-choice questions administered in Morning and Evening shifts.
   - Includes official verified answer keys, question code references, and answer bubbles guide.
2. **Section-B (Short Answer Questions):**
   - High-yield conceptual questions, textbook definitions, formula proofs, and fundamental principles.
   - Standard board division with choice guidelines according to current pairing scheme.
3. **Section-C (Long / Descriptive Questions & Solved Numericals):**
   - Detailed conceptual answers, comprehensive derivations, labeled diagrams, and step-by-step solutions.
   - Board standard marks distribution showing sub-part marks allocation.

---

#### 🎯 Key Benefits for Matric Students & Teachers:
- **Understand Real Paper Pattern:** Familiarize yourself with the actual difficulty level, question formats, and examiner preferences of BISE Multan.
- **Master Time Management:** Practice solving under authentic 3-hour examination conditions to maximize accuracy and speed.
- **Identify High-Weightage Topics:** Pinpoint frequently repeated questions and crucial chapters favored in Punjab Board annual exams.
- **Accurate Self-Assessment:** Use the integrated official answer key to evaluate your preparation and eliminate mistakes before final exams.

---

#### 🔍 Top Search Keywords & SEO Tags:
`bise multan 9th class education past paper 2026` • `class 9 education solved paper 2026` • `9th class education question paper with key` • `bise multan ssc part 1 past papers download pdf` • `punjab board matric part 1 education annual exam 2026` • `9th education board paper pakparcha`
"
Economics - 9th Class Past Paper 2026 (1st Annual with Key),Economics,9,BISE Multan (Punjab Board),PAST_PAPERS,,Past Paper,BISE Multan / ExamForge,https://drive.google.com/file/d/1jJ30L7CxwHVrHRGJxMUOmdTfhKeR-sAM/preview,"### BISE Multan Class 9 (SSC Part-I) Economics Past Paper 2026 (1st Annual) With Official Answer Key

Download the authentic **BISE Multan Economics 9th Class Past Paper 2026 (1st Annual Examination)** along with the official board answer key and marking guidelines. This official examination paper has been conducted by the **Board of Intermediate and Secondary Education (BISE) Multan** strictly in accordance with the **Single National Curriculum (SNC 2025–2026)** and Punjab Textbook Board curriculum.

---

#### 📋 Examination Structure & Section Breakdown:
1. **Section-A (Objective Type / MCQs):**
   - Contains all official multiple-choice questions administered in Morning and Evening shifts.
   - Includes official verified answer keys, question code references, and answer bubbles guide.
2. **Section-B (Short Answer Questions):**
   - High-yield conceptual questions, textbook definitions, formula proofs, and fundamental principles.
   - Standard board division with choice guidelines according to current pairing scheme.
3. **Section-C (Long / Descriptive Questions & Solved Numericals):**
   - Detailed conceptual answers, comprehensive derivations, labeled diagrams, and step-by-step solutions.
   - Board standard marks distribution showing sub-part marks allocation.

---

#### 🎯 Key Benefits for Matric Students & Teachers:
- **Understand Real Paper Pattern:** Familiarize yourself with the actual difficulty level, question formats, and examiner preferences of BISE Multan.
- **Master Time Management:** Practice solving under authentic 3-hour examination conditions to maximize accuracy and speed.
- **Identify High-Weightage Topics:** Pinpoint frequently repeated questions and crucial chapters favored in Punjab Board annual exams.
- **Accurate Self-Assessment:** Use the integrated official answer key to evaluate your preparation and eliminate mistakes before final exams.

---

#### 🔍 Top Search Keywords & SEO Tags:
`bise multan 9th class economics past paper 2026` • `class 9 economics solved paper 2026` • `9th class economics question paper with key` • `bise multan ssc part 1 past papers download pdf` • `punjab board matric part 1 economics annual exam 2026` • `9th economics board paper pakparcha`
"
Dress Making and Fashion Designing - 9th Class Past Paper 2026 (1st Annual with Key),Dress Making and Fashion Designing,9,BISE Multan (Punjab Board),PAST_PAPERS,,Past Paper,BISE Multan / ExamForge,https://drive.google.com/file/d/1hbSeZZzbuX6XDgtYMzznmsKWo6YDFqMS/preview,"### BISE Multan Class 9 (SSC Part-I) Dress Making and Fashion Designing Past Paper 2026 (1st Annual) With Official Answer Key

Download the authentic **BISE Multan Dress Making and Fashion Designing 9th Class Past Paper 2026 (1st Annual Examination)** along with the official board answer key and marking guidelines. This official examination paper has been conducted by the **Board of Intermediate and Secondary Education (BISE) Multan** strictly in accordance with the **Single National Curriculum (SNC 2025–2026)** and Punjab Textbook Board curriculum.

---

#### 📋 Examination Structure & Section Breakdown:
1. **Section-A (Objective Type / MCQs):**
   - Contains all official multiple-choice questions administered in Morning and Evening shifts.
   - Includes official verified answer keys, question code references, and answer bubbles guide.
2. **Section-B (Short Answer Questions):**
   - High-yield conceptual questions, textbook definitions, formula proofs, and fundamental principles.
   - Standard board division with choice guidelines according to current pairing scheme.
3. **Section-C (Long / Descriptive Questions & Solved Numericals):**
   - Detailed conceptual answers, comprehensive derivations, labeled diagrams, and step-by-step solutions.
   - Board standard marks distribution showing sub-part marks allocation.

---

#### 🎯 Key Benefits for Matric Students & Teachers:
- **Understand Real Paper Pattern:** Familiarize yourself with the actual difficulty level, question formats, and examiner preferences of BISE Multan.
- **Master Time Management:** Practice solving under authentic 3-hour examination conditions to maximize accuracy and speed.
- **Identify High-Weightage Topics:** Pinpoint frequently repeated questions and crucial chapters favored in Punjab Board annual exams.
- **Accurate Self-Assessment:** Use the integrated official answer key to evaluate your preparation and eliminate mistakes before final exams.

---

#### 🔍 Top Search Keywords & SEO Tags:
`bise multan 9th class dress making and fashion designing past paper 2026` • `class 9 dress making and fashion designing solved paper 2026` • `9th class dress making and fashion designing question paper with key` • `bise multan ssc part 1 past papers download pdf` • `punjab board matric part 1 dress making and fashion designing annual exam 2026` • `9th dress making and fashion designing board paper pakparcha`
"
Clothing and Textile - 9th Class Past Paper 2026 (1st Annual with Key),Clothing and Textile,9,BISE Multan (Punjab Board),PAST_PAPERS,,Past Paper,BISE Multan / ExamForge,https://drive.google.com/file/d/1b37g_lee_g8Q-ilG8M0eyD7NVVQbYlSS/preview,"### BISE Multan Class 9 (SSC Part-I) Clothing and Textile Past Paper 2026 (1st Annual) With Official Answer Key

Download the authentic **BISE Multan Clothing and Textile 9th Class Past Paper 2026 (1st Annual Examination)** along with the official board answer key and marking guidelines. This official examination paper has been conducted by the **Board of Intermediate and Secondary Education (BISE) Multan** strictly in accordance with the **Single National Curriculum (SNC 2025–2026)** and Punjab Textbook Board curriculum.

---

#### 📋 Examination Structure & Section Breakdown:
1. **Section-A (Objective Type / MCQs):**
   - Contains all official multiple-choice questions administered in Morning and Evening shifts.
   - Includes official verified answer keys, question code references, and answer bubbles guide.
2. **Section-B (Short Answer Questions):**
   - High-yield conceptual questions, textbook definitions, formula proofs, and fundamental principles.
   - Standard board division with choice guidelines according to current pairing scheme.
3. **Section-C (Long / Descriptive Questions & Solved Numericals):**
   - Detailed conceptual answers, comprehensive derivations, labeled diagrams, and step-by-step solutions.
   - Board standard marks distribution showing sub-part marks allocation.

---

#### 🎯 Key Benefits for Matric Students & Teachers:
- **Understand Real Paper Pattern:** Familiarize yourself with the actual difficulty level, question formats, and examiner preferences of BISE Multan.
- **Master Time Management:** Practice solving under authentic 3-hour examination conditions to maximize accuracy and speed.
- **Identify High-Weightage Topics:** Pinpoint frequently repeated questions and crucial chapters favored in Punjab Board annual exams.
- **Accurate Self-Assessment:** Use the integrated official answer key to evaluate your preparation and eliminate mistakes before final exams.

---

#### 🔍 Top Search Keywords & SEO Tags:
`bise multan 9th class clothing and textile past paper 2026` • `class 9 clothing and textile solved paper 2026` • `9th class clothing and textile question paper with key` • `bise multan ssc part 1 past papers download pdf` • `punjab board matric part 1 clothing and textile annual exam 2026` • `9th clothing and textile board paper pakparcha`
"
Communication Skills and Personal Grooming - 9th Class Past Paper 2026 (1st Annual with Key),Communication Skills and Personal Grooming,9,BISE Multan (Punjab Board),PAST_PAPERS,,Past Paper,BISE Multan / ExamForge,https://drive.google.com/file/d/1cY_vXmbVShzMuZrIg5B0fmAGG3UJqVo2/preview,"### BISE Multan Class 9 (SSC Part-I) Communication Skills and Personal Grooming Past Paper 2026 (1st Annual) With Official Answer Key

Download the authentic **BISE Multan Communication Skills and Personal Grooming 9th Class Past Paper 2026 (1st Annual Examination)** along with the official board answer key and marking guidelines. This official examination paper has been conducted by the **Board of Intermediate and Secondary Education (BISE) Multan** strictly in accordance with the **Single National Curriculum (SNC 2025–2026)** and Punjab Textbook Board curriculum.

---

#### 📋 Examination Structure & Section Breakdown:
1. **Section-A (Objective Type / MCQs):**
   - Contains all official multiple-choice questions administered in Morning and Evening shifts.
   - Includes official verified answer keys, question code references, and answer bubbles guide.
2. **Section-B (Short Answer Questions):**
   - High-yield conceptual questions, textbook definitions, formula proofs, and fundamental principles.
   - Standard board division with choice guidelines according to current pairing scheme.
3. **Section-C (Long / Descriptive Questions & Solved Numericals):**
   - Detailed conceptual answers, comprehensive derivations, labeled diagrams, and step-by-step solutions.
   - Board standard marks distribution showing sub-part marks allocation.

---

#### 🎯 Key Benefits for Matric Students & Teachers:
- **Understand Real Paper Pattern:** Familiarize yourself with the actual difficulty level, question formats, and examiner preferences of BISE Multan.
- **Master Time Management:** Practice solving under authentic 3-hour examination conditions to maximize accuracy and speed.
- **Identify High-Weightage Topics:** Pinpoint frequently repeated questions and crucial chapters favored in Punjab Board annual exams.
- **Accurate Self-Assessment:** Use the integrated official answer key to evaluate your preparation and eliminate mistakes before final exams.

---

#### 🔍 Top Search Keywords & SEO Tags:
`bise multan 9th class communication skills and personal grooming past paper 2026` • `class 9 communication skills and personal grooming solved paper 2026` • `9th class communication skills and personal grooming question paper with key` • `bise multan ssc part 1 past papers download pdf` • `punjab board matric part 1 communication skills and personal grooming annual exam 2026` • `9th communication skills and personal grooming board paper pakparcha`
"
Computer Science and Entrepreneurship - 9th Class Past Paper 2026 (1st Annual with Key),Computer Science and Entrepreneurship,9,BISE Multan (Punjab Board),PAST_PAPERS,,Past Paper,BISE Multan / ExamForge,https://drive.google.com/file/d/1F0xoBm3PWA8btI6AjiP7zYBB7Te4CZYB/preview,"### BISE Multan Class 9 (SSC Part-I) Computer Science and Entrepreneurship Past Paper 2026 (1st Annual) With Official Answer Key

Download the authentic **BISE Multan Computer Science and Entrepreneurship 9th Class Past Paper 2026 (1st Annual Examination)** along with the official board answer key and marking guidelines. This official examination paper has been conducted by the **Board of Intermediate and Secondary Education (BISE) Multan** strictly in accordance with the **Single National Curriculum (SNC 2025–2026)** and Punjab Textbook Board curriculum.

---

#### 📋 Examination Structure & Section Breakdown:
1. **Section-A (Objective Type / MCQs):**
   - Contains all official multiple-choice questions administered in Morning and Evening shifts.
   - Includes official verified answer keys, question code references, and answer bubbles guide.
2. **Section-B (Short Answer Questions):**
   - High-yield conceptual questions, textbook definitions, formula proofs, and fundamental principles.
   - Standard board division with choice guidelines according to current pairing scheme.
3. **Section-C (Long / Descriptive Questions & Solved Numericals):**
   - Detailed conceptual answers, comprehensive derivations, labeled diagrams, and step-by-step solutions.
   - Board standard marks distribution showing sub-part marks allocation.

---

#### 🎯 Key Benefits for Matric Students & Teachers:
- **Understand Real Paper Pattern:** Familiarize yourself with the actual difficulty level, question formats, and examiner preferences of BISE Multan.
- **Master Time Management:** Practice solving under authentic 3-hour examination conditions to maximize accuracy and speed.
- **Identify High-Weightage Topics:** Pinpoint frequently repeated questions and crucial chapters favored in Punjab Board annual exams.
- **Accurate Self-Assessment:** Use the integrated official answer key to evaluate your preparation and eliminate mistakes before final exams.

---

#### 🔍 Top Search Keywords & SEO Tags:
`bise multan 9th class computer science and entrepreneurship past paper 2026` • `class 9 computer science and entrepreneurship solved paper 2026` • `9th class computer science and entrepreneurship question paper with key` • `bise multan ssc part 1 past papers download pdf` • `punjab board matric part 1 computer science and entrepreneurship annual exam 2026` • `9th computer science and entrepreneurship board paper pakparcha`
"
Computer Science - 9th Class Past Paper 2026 (1st Annual with Key),Computer Science,9,BISE Multan (Punjab Board),PAST_PAPERS,,Past Paper,BISE Multan / ExamForge,https://drive.google.com/file/d/1IXIrARs_3oXuxGrF1DBVYic8rrtfmm0G/preview,"### BISE Multan Class 9 (SSC Part-I) Computer Science Past Paper 2026 (1st Annual) With Official Answer Key

Download the authentic **BISE Multan Computer Science 9th Class Past Paper 2026 (1st Annual Examination)** along with the official board answer key and marking guidelines. This official examination paper has been conducted by the **Board of Intermediate and Secondary Education (BISE) Multan** strictly in accordance with the **Single National Curriculum (SNC 2025–2026)** and Punjab Textbook Board curriculum.

---

#### 📋 Examination Structure & Section Breakdown:
1. **Section-A (Objective Type / MCQs):**
   - Contains all official multiple-choice questions administered in Morning and Evening shifts.
   - Includes official verified answer keys, question code references, and answer bubbles guide.
2. **Section-B (Short Answer Questions):**
   - High-yield conceptual questions, textbook definitions, formula proofs, and fundamental principles.
   - Standard board division with choice guidelines according to current pairing scheme.
3. **Section-C (Long / Descriptive Questions & Solved Numericals):**
   - Detailed conceptual answers, comprehensive derivations, labeled diagrams, and step-by-step solutions.
   - Board standard marks distribution showing sub-part marks allocation.

---

#### 🎯 Key Benefits for Matric Students & Teachers:
- **Understand Real Paper Pattern:** Familiarize yourself with the actual difficulty level, question formats, and examiner preferences of BISE Multan.
- **Master Time Management:** Practice solving under authentic 3-hour examination conditions to maximize accuracy and speed.
- **Identify High-Weightage Topics:** Pinpoint frequently repeated questions and crucial chapters favored in Punjab Board annual exams.
- **Accurate Self-Assessment:** Use the integrated official answer key to evaluate your preparation and eliminate mistakes before final exams.

---

#### 🔍 Top Search Keywords & SEO Tags:
`bise multan 9th class computer science past paper 2026` • `class 9 computer science solved paper 2026` • `9th class computer science question paper with key` • `bise multan ssc part 1 past papers download pdf` • `punjab board matric part 1 computer science annual exam 2026` • `9th computer science board paper pakparcha`
"
Civics - 9th Class Past Paper 2026 (1st Annual with Key),Civics,9,BISE Multan (Punjab Board),PAST_PAPERS,,Past Paper,BISE Multan / ExamForge,https://drive.google.com/file/d/1WtTf0OxMnCg3DJinj6plsmIiZyMKVijP/preview,"### BISE Multan Class 9 (SSC Part-I) Civics Past Paper 2026 (1st Annual) With Official Answer Key

Download the authentic **BISE Multan Civics 9th Class Past Paper 2026 (1st Annual Examination)** along with the official board answer key and marking guidelines. This official examination paper has been conducted by the **Board of Intermediate and Secondary Education (BISE) Multan** strictly in accordance with the **Single National Curriculum (SNC 2025–2026)** and Punjab Textbook Board curriculum.

---

#### 📋 Examination Structure & Section Breakdown:
1. **Section-A (Objective Type / MCQs):**
   - Contains all official multiple-choice questions administered in Morning and Evening shifts.
   - Includes official verified answer keys, question code references, and answer bubbles guide.
2. **Section-B (Short Answer Questions):**
   - High-yield conceptual questions, textbook definitions, formula proofs, and fundamental principles.
   - Standard board division with choice guidelines according to current pairing scheme.
3. **Section-C (Long / Descriptive Questions & Solved Numericals):**
   - Detailed conceptual answers, comprehensive derivations, labeled diagrams, and step-by-step solutions.
   - Board standard marks distribution showing sub-part marks allocation.

---

#### 🎯 Key Benefits for Matric Students & Teachers:
- **Understand Real Paper Pattern:** Familiarize yourself with the actual difficulty level, question formats, and examiner preferences of BISE Multan.
- **Master Time Management:** Practice solving under authentic 3-hour examination conditions to maximize accuracy and speed.
- **Identify High-Weightage Topics:** Pinpoint frequently repeated questions and crucial chapters favored in Punjab Board annual exams.
- **Accurate Self-Assessment:** Use the integrated official answer key to evaluate your preparation and eliminate mistakes before final exams.

---

#### 🔍 Top Search Keywords & SEO Tags:
`bise multan 9th class civics past paper 2026` • `class 9 civics solved paper 2026` • `9th class civics question paper with key` • `bise multan ssc part 1 past papers download pdf` • `punjab board matric part 1 civics annual exam 2026` • `9th civics board paper pakparcha`
"
Chemistry - 9th Class Past Paper 2026 (1st Annual with Key),Chemistry,9,BISE Multan (Punjab Board),PAST_PAPERS,,Past Paper,BISE Multan / ExamForge,https://drive.google.com/file/d/1oy73FX6BY3n990TI0frwf-kbbMPu4x9J/preview,"### BISE Multan Class 9 (SSC Part-I) Chemistry Past Paper 2026 (1st Annual) With Official Answer Key

Download the authentic **BISE Multan Chemistry 9th Class Past Paper 2026 (1st Annual Examination)** along with the official board answer key and marking guidelines. This official examination paper has been conducted by the **Board of Intermediate and Secondary Education (BISE) Multan** strictly in accordance with the **Single National Curriculum (SNC 2025–2026)** and Punjab Textbook Board curriculum.

---

#### 📋 Examination Structure & Section Breakdown:
1. **Section-A (Objective Type / MCQs):**
   - Contains all official multiple-choice questions administered in Morning and Evening shifts.
   - Includes official verified answer keys, question code references, and answer bubbles guide.
2. **Section-B (Short Answer Questions):**
   - High-yield conceptual questions, textbook definitions, formula proofs, and fundamental principles.
   - Standard board division with choice guidelines according to current pairing scheme.
3. **Section-C (Long / Descriptive Questions & Solved Numericals):**
   - Detailed conceptual answers, comprehensive derivations, labeled diagrams, and step-by-step solutions.
   - Board standard marks distribution showing sub-part marks allocation.

---

#### 🎯 Key Benefits for Matric Students & Teachers:
- **Understand Real Paper Pattern:** Familiarize yourself with the actual difficulty level, question formats, and examiner preferences of BISE Multan.
- **Master Time Management:** Practice solving under authentic 3-hour examination conditions to maximize accuracy and speed.
- **Identify High-Weightage Topics:** Pinpoint frequently repeated questions and crucial chapters favored in Punjab Board annual exams.
- **Accurate Self-Assessment:** Use the integrated official answer key to evaluate your preparation and eliminate mistakes before final exams.

---

#### 🔍 Top Search Keywords & SEO Tags:
`bise multan 9th class chemistry past paper 2026` • `class 9 chemistry solved paper 2026` • `9th class chemistry question paper with key` • `bise multan ssc part 1 past papers download pdf` • `punjab board matric part 1 chemistry annual exam 2026` • `9th chemistry board paper pakparcha`
"
Biology - 9th Class Past Paper 2026 (1st Annual with Key),Biology,9,BISE Multan (Punjab Board),PAST_PAPERS,,Past Paper,BISE Multan / ExamForge,https://drive.google.com/file/d/1FSW99Ce71nWwu43rbJCC72iUHeIGTSPK/preview,"### BISE Multan Class 9 (SSC Part-I) Biology Past Paper 2026 (1st Annual) With Official Answer Key

Download the authentic **BISE Multan Biology 9th Class Past Paper 2026 (1st Annual Examination)** along with the official board answer key and marking guidelines. This official examination paper has been conducted by the **Board of Intermediate and Secondary Education (BISE) Multan** strictly in accordance with the **Single National Curriculum (SNC 2025–2026)** and Punjab Textbook Board curriculum.

---

#### 📋 Examination Structure & Section Breakdown:
1. **Section-A (Objective Type / MCQs):**
   - Contains all official multiple-choice questions administered in Morning and Evening shifts.
   - Includes official verified answer keys, question code references, and answer bubbles guide.
2. **Section-B (Short Answer Questions):**
   - High-yield conceptual questions, textbook definitions, formula proofs, and fundamental principles.
   - Standard board division with choice guidelines according to current pairing scheme.
3. **Section-C (Long / Descriptive Questions & Solved Numericals):**
   - Detailed conceptual answers, comprehensive derivations, labeled diagrams, and step-by-step solutions.
   - Board standard marks distribution showing sub-part marks allocation.

---

#### 🎯 Key Benefits for Matric Students & Teachers:
- **Understand Real Paper Pattern:** Familiarize yourself with the actual difficulty level, question formats, and examiner preferences of BISE Multan.
- **Master Time Management:** Practice solving under authentic 3-hour examination conditions to maximize accuracy and speed.
- **Identify High-Weightage Topics:** Pinpoint frequently repeated questions and crucial chapters favored in Punjab Board annual exams.
- **Accurate Self-Assessment:** Use the integrated official answer key to evaluate your preparation and eliminate mistakes before final exams.

---

#### 🔍 Top Search Keywords & SEO Tags:
`bise multan 9th class biology past paper 2026` • `class 9 biology solved paper 2026` • `9th class biology question paper with key` • `bise multan ssc part 1 past papers download pdf` • `punjab board matric part 1 biology annual exam 2026` • `9th biology board paper pakparcha`
"
Arts and Model Drawing - 9th Class Past Paper 2026 (1st Annual with Key),Arts and Model Drawing,9,BISE Multan (Punjab Board),PAST_PAPERS,,Past Paper,BISE Multan / ExamForge,https://drive.google.com/file/d/1c1f8RygjY9H5rn5W4BTKZa7DwwmbG4vt/preview,"### BISE Multan Class 9 (SSC Part-I) Arts and Model Drawing Past Paper 2026 (1st Annual) With Official Answer Key

Download the authentic **BISE Multan Arts and Model Drawing 9th Class Past Paper 2026 (1st Annual Examination)** along with the official board answer key and marking guidelines. This official examination paper has been conducted by the **Board of Intermediate and Secondary Education (BISE) Multan** strictly in accordance with the **Single National Curriculum (SNC 2025–2026)** and Punjab Textbook Board curriculum.

---

#### 📋 Examination Structure & Section Breakdown:
1. **Section-A (Objective Type / MCQs):**
   - Contains all official multiple-choice questions administered in Morning and Evening shifts.
   - Includes official verified answer keys, question code references, and answer bubbles guide.
2. **Section-B (Short Answer Questions):**
   - High-yield conceptual questions, textbook definitions, formula proofs, and fundamental principles.
   - Standard board division with choice guidelines according to current pairing scheme.
3. **Section-C (Long / Descriptive Questions & Solved Numericals):**
   - Detailed conceptual answers, comprehensive derivations, labeled diagrams, and step-by-step solutions.
   - Board standard marks distribution showing sub-part marks allocation.

---

#### 🎯 Key Benefits for Matric Students & Teachers:
- **Understand Real Paper Pattern:** Familiarize yourself with the actual difficulty level, question formats, and examiner preferences of BISE Multan.
- **Master Time Management:** Practice solving under authentic 3-hour examination conditions to maximize accuracy and speed.
- **Identify High-Weightage Topics:** Pinpoint frequently repeated questions and crucial chapters favored in Punjab Board annual exams.
- **Accurate Self-Assessment:** Use the integrated official answer key to evaluate your preparation and eliminate mistakes before final exams.

---

#### 🔍 Top Search Keywords & SEO Tags:
`bise multan 9th class arts and model drawing past paper 2026` • `class 9 arts and model drawing solved paper 2026` • `9th class arts and model drawing question paper with key` • `bise multan ssc part 1 past papers download pdf` • `punjab board matric part 1 arts and model drawing annual exam 2026` • `9th arts and model drawing board paper pakparcha`
"
Arabic - 9th Class Past Paper 2026 (1st Annual with Key),Arabic,9,BISE Multan (Punjab Board),PAST_PAPERS,,Past Paper,BISE Multan / ExamForge,https://drive.google.com/file/d/1lzIeUIe6H_P8uJjrltNxLNsPa4-QCn0a/preview,"### BISE Multan Class 9 (SSC Part-I) Arabic Past Paper 2026 (1st Annual) With Official Answer Key

Download the authentic **BISE Multan Arabic 9th Class Past Paper 2026 (1st Annual Examination)** along with the official board answer key and marking guidelines. This official examination paper has been conducted by the **Board of Intermediate and Secondary Education (BISE) Multan** strictly in accordance with the **Single National Curriculum (SNC 2025–2026)** and Punjab Textbook Board curriculum.

---

#### 📋 Examination Structure & Section Breakdown:
1. **Section-A (Objective Type / MCQs):**
   - Contains all official multiple-choice questions administered in Morning and Evening shifts.
   - Includes official verified answer keys, question code references, and answer bubbles guide.
2. **Section-B (Short Answer Questions):**
   - High-yield conceptual questions, textbook definitions, formula proofs, and fundamental principles.
   - Standard board division with choice guidelines according to current pairing scheme.
3. **Section-C (Long / Descriptive Questions & Solved Numericals):**
   - Detailed conceptual answers, comprehensive derivations, labeled diagrams, and step-by-step solutions.
   - Board standard marks distribution showing sub-part marks allocation.

---

#### 🎯 Key Benefits for Matric Students & Teachers:
- **Understand Real Paper Pattern:** Familiarize yourself with the actual difficulty level, question formats, and examiner preferences of BISE Multan.
- **Master Time Management:** Practice solving under authentic 3-hour examination conditions to maximize accuracy and speed.
- **Identify High-Weightage Topics:** Pinpoint frequently repeated questions and crucial chapters favored in Punjab Board annual exams.
- **Accurate Self-Assessment:** Use the integrated official answer key to evaluate your preparation and eliminate mistakes before final exams.

---

#### 🔍 Top Search Keywords & SEO Tags:
`bise multan 9th class arabic past paper 2026` • `class 9 arabic solved paper 2026` • `9th class arabic question paper with key` • `bise multan ssc part 1 past papers download pdf` • `punjab board matric part 1 arabic annual exam 2026` • `9th arabic board paper pakparcha`
"
Advanced Islamic Studies - 9th Class Past Paper 2026 (1st Annual with Key),Advanced Islamic Studies,9,BISE Multan (Punjab Board),PAST_PAPERS,,Past Paper,BISE Multan / ExamForge,https://drive.google.com/file/d/1RBT1Ehr_HQCvEKNSLrTIOhJwkIOt0yV6/preview,"### BISE Multan Class 9 (SSC Part-I) Advanced Islamic Studies Past Paper 2026 (1st Annual) With Official Answer Key

Download the authentic **BISE Multan Advanced Islamic Studies 9th Class Past Paper 2026 (1st Annual Examination)** along with the official board answer key and marking guidelines. This official examination paper has been conducted by the **Board of Intermediate and Secondary Education (BISE) Multan** strictly in accordance with the **Single National Curriculum (SNC 2025–2026)** and Punjab Textbook Board curriculum.

---

#### 📋 Examination Structure & Section Breakdown:
1. **Section-A (Objective Type / MCQs):**
   - Contains all official multiple-choice questions administered in Morning and Evening shifts.
   - Includes official verified answer keys, question code references, and answer bubbles guide.
2. **Section-B (Short Answer Questions):**
   - High-yield conceptual questions, textbook definitions, formula proofs, and fundamental principles.
   - Standard board division with choice guidelines according to current pairing scheme.
3. **Section-C (Long / Descriptive Questions & Solved Numericals):**
   - Detailed conceptual answers, comprehensive derivations, labeled diagrams, and step-by-step solutions.
   - Board standard marks distribution showing sub-part marks allocation.

---

#### 🎯 Key Benefits for Matric Students & Teachers:
- **Understand Real Paper Pattern:** Familiarize yourself with the actual difficulty level, question formats, and examiner preferences of BISE Multan.
- **Master Time Management:** Practice solving under authentic 3-hour examination conditions to maximize accuracy and speed.
- **Identify High-Weightage Topics:** Pinpoint frequently repeated questions and crucial chapters favored in Punjab Board annual exams.
- **Accurate Self-Assessment:** Use the integrated official answer key to evaluate your preparation and eliminate mistakes before final exams.

---

#### 🔍 Top Search Keywords & SEO Tags:
`bise multan 9th class advanced islamic studies past paper 2026` • `class 9 advanced islamic studies solved paper 2026` • `9th class advanced islamic studies question paper with key` • `bise multan ssc part 1 past papers download pdf` • `punjab board matric part 1 advanced islamic studies annual exam 2026` • `9th advanced islamic studies board paper pakparcha`
"
Agricultural Science - 9th Class Past Paper 2026 (1st Annual with Key),Agricultural Science,9,BISE Multan (Punjab Board),PAST_PAPERS,,Past Paper,BISE Multan / ExamForge,https://drive.google.com/file/d/10tswYeIDuispir3B3miXOlr_-mb4I4ZS/preview,"### BISE Multan Class 9 (SSC Part-I) Agricultural Science Past Paper 2026 (1st Annual) With Official Answer Key

Download the authentic **BISE Multan Agricultural Science 9th Class Past Paper 2026 (1st Annual Examination)** along with the official board answer key and marking guidelines. This official examination paper has been conducted by the **Board of Intermediate and Secondary Education (BISE) Multan** strictly in accordance with the **Single National Curriculum (SNC 2025–2026)** and Punjab Textbook Board curriculum.

---

#### 📋 Examination Structure & Section Breakdown:
1. **Section-A (Objective Type / MCQs):**
   - Contains all official multiple-choice questions administered in Morning and Evening shifts.
   - Includes official verified answer keys, question code references, and answer bubbles guide.
2. **Section-B (Short Answer Questions):**
   - High-yield conceptual questions, textbook definitions, formula proofs, and fundamental principles.
   - Standard board division with choice guidelines according to current pairing scheme.
3. **Section-C (Long / Descriptive Questions & Solved Numericals):**
   - Detailed conceptual answers, comprehensive derivations, labeled diagrams, and step-by-step solutions.
   - Board standard marks distribution showing sub-part marks allocation.

---

#### 🎯 Key Benefits for Matric Students & Teachers:
- **Understand Real Paper Pattern:** Familiarize yourself with the actual difficulty level, question formats, and examiner preferences of BISE Multan.
- **Master Time Management:** Practice solving under authentic 3-hour examination conditions to maximize accuracy and speed.
- **Identify High-Weightage Topics:** Pinpoint frequently repeated questions and crucial chapters favored in Punjab Board annual exams.
- **Accurate Self-Assessment:** Use the integrated official answer key to evaluate your preparation and eliminate mistakes before final exams.

---

#### 🔍 Top Search Keywords & SEO Tags:
`bise multan 9th class agricultural science past paper 2026` • `class 9 agricultural science solved paper 2026` • `9th class agricultural science question paper with key` • `bise multan ssc part 1 past papers download pdf` • `punjab board matric part 1 agricultural science annual exam 2026` • `9th agricultural science board paper pakparcha`
"
