Title,Subject,Grade,Board,FileURL,Description
primer mathematics class pre 1,Mathematics,Pre-1,PCTB (Punjab Curriculum & Textbook Board),https://drive.google.com/file/d/19m8yrU20whmA7vVkEf6i6Ej7rbkPJBbv/preview,Official PCTB primer mathematics class pre 1 e-book / textbook.
Primer English pre 1,English,Pre-1,PCTB (Punjab Curriculum & Textbook Board),https://drive.google.com/file/d/1G1H_iVUiKOmAY1MUWr4wSVJISbeoUB0Z/preview,Official PCTB Primer English pre 1 e-book / textbook.
Primer Urdu pre 1,Urdu,Pre-1,PCTB (Punjab Curriculum & Textbook Board),https://drive.google.com/file/d/1ZOzM3hFOXkTLzfbTJ3JSLnWcftxZ0mg3/preview,Official PCTB Primer Urdu pre 1 e-book / textbook.
Neela Qaida (Optional) SRM Pre 1,Qaida / Foundation,Pre-1,PCTB (Punjab Curriculum & Textbook Board),https://drive.google.com/file/d/12eVQL6knNPkA3CVpJvNIXOYmeYK21Aws/preview,Official PCTB Neela Qaida (Optional) SRM Pre 1 e-book / textbook.
TAJVEEDI QAIDA class 1,Islamic Studies,1,PCTB (Punjab Curriculum & Textbook Board),https://drive.google.com/file/d/1ohWq-zOojLu0vPut9zBqUUqoiyY1gFGF/preview,Official PCTB TAJVEEDI QAIDA class 1 e-book / textbook.
Urdu Class 1,Urdu,1,PCTB (Punjab Curriculum & Textbook Board),https://drive.google.com/file/d/17o-AGE3z00m-z8Kih389pmAeWolTxA2N/preview,Official PCTB Urdu Class 1 e-book / textbook.
English-Class 1,English,1,PCTB (Punjab Curriculum & Textbook Board),https://drive.google.com/file/d/1qdIPBXxaVHia6BVInY8uXWmzKkzGZ09Y/preview,Official PCTB English-Class 1 e-book / textbook.
"Math Class 1, English medium",Mathematics,1,PCTB (Punjab Curriculum & Textbook Board),https://drive.google.com/file/d/1c4x62XDG-TbhF2-Aj_VIxhnm-8t8e2Ua/preview,"Official PCTB Math Class 1, English medium e-book / textbook."
"Waqfiyat e Aama Class 1, Urdu Medium",Urdu,1,PCTB (Punjab Curriculum & Textbook Board),https://drive.google.com/file/d/1pyHTreo1lqtubCL0iGBZDNFwoRaebxAG/preview,"Official PCTB Waqfiyat e Aama Class 1, Urdu Medium e-book / textbook."
"Islamiat Class 1, Urdu Medium",Urdu,1,PCTB (Punjab Curriculum & Textbook Board),https://drive.google.com/file/d/1wcbkbayvUt5nv_GSvHBdVBMplTuGwLVR/preview,"Official PCTB Islamiat Class 1, Urdu Medium e-book / textbook."
Akhlaqiat (Optional) class 1,Ethics,1,PCTB (Punjab Curriculum & Textbook Board),https://drive.google.com/file/d/1e5GPdHGhyfwq-RNjAJVAbXOt6Z3oP70h/preview,Official PCTB Akhlaqiat (Optional) class 1 e-book / textbook.
Nazra Quran Class 2,Islamic Studies,2,PCTB (Punjab Curriculum & Textbook Board),https://drive.google.com/file/d/12c5yKIIjnyVjiV89OOKDGtE-amxkVrfF/preview,Official PCTB Nazra Quran Class 2 e-book / textbook.
Urdu class 2,Urdu,2,PCTB (Punjab Curriculum & Textbook Board),https://drive.google.com/file/d/1cWaeH4aUC0xJi2kbYkmrENXmU-NnBx6L/preview,Official PCTB Urdu class 2 e-book / textbook.
English class 2,English,2,PCTB (Punjab Curriculum & Textbook Board),https://drive.google.com/file/d/1mDTFzH_fwjl-ZA7peQpVAxE00C3GQ2MX/preview,Official PCTB English class 2 e-book / textbook.
"Math class 2, English medium",Mathematics,2,PCTB (Punjab Curriculum & Textbook Board),https://drive.google.com/file/d/11SMlZk9Z3mdAG49ewxxK0ge1DnvyKViZ/preview,"Official PCTB Math class 2, English medium e-book / textbook."
"Waqfiyat e Aama class 2, Urdu medium",Urdu,2,PCTB (Punjab Curriculum & Textbook Board),https://drive.google.com/file/d/1zcFk3RFMgOqGpsZWtJi67kSAyDgC9kw_/preview,"Official PCTB Waqfiyat e Aama class 2, Urdu medium e-book / textbook."
Islamiat class 2 Urdu medium,Urdu,2,PCTB (Punjab Curriculum & Textbook Board),https://drive.google.com/file/d/1Z6_q9lf4H2zdXw_VInOMIUZRLFG_QL8X/preview,Official PCTB Islamiat class 2 Urdu medium e-book / textbook.
Akhlaqiat (Optional) class 2,Ethics,2,PCTB (Punjab Curriculum & Textbook Board),https://drive.google.com/file/d/1tyeA7dylxYzNFqQlF67JNV78tl03l2l4/preview,Official PCTB Akhlaqiat (Optional) class 2 e-book / textbook.
Nazra Quran Class 3,Islamic Studies,3,PCTB (Punjab Curriculum & Textbook Board),https://drive.google.com/file/d/125VXr4hNUS_90tLX0Vx6aASghIKBcfKI/preview,Official PCTB Nazra Quran Class 3 e-book / textbook.
Urdu Class 3,Urdu,3,PCTB (Punjab Curriculum & Textbook Board),https://drive.google.com/file/d/1LNXCmSfpIBA2OgHSx1wn_FeOzvr-MKbn/preview,Official PCTB Urdu Class 3 e-book / textbook.
English Class 3,English,3,PCTB (Punjab Curriculum & Textbook Board),https://drive.google.com/file/d/11xsJrNr0ONZO8wJUSIq8p0SiK7tLyWZP/preview,Official PCTB English Class 3 e-book / textbook.
Math Class 3,Mathematics,3,PCTB (Punjab Curriculum & Textbook Board),https://drive.google.com/file/d/1C69gAPjeD2yKfyvDG97kZIiTGJwCbTr2/preview,Official PCTB Math Class 3 e-book / textbook.
"Waqfiyat e Aama Class 3, Urdu medium",Urdu,3,PCTB (Punjab Curriculum & Textbook Board),https://drive.google.com/file/d/120tl2Vz_PhCAAqtivosUlnh9DOiQ3Fs8/preview,"Official PCTB Waqfiyat e Aama Class 3, Urdu medium e-book / textbook."
"Islamiat Class 3, Urdu medium",Urdu,3,PCTB (Punjab Curriculum & Textbook Board),https://drive.google.com/file/d/1aqVKG8-2-AIG3Y2K65C1KWZWB1R7XisG/preview,"Official PCTB Islamiat Class 3, Urdu medium e-book / textbook."
"Akhlaqiat Class 3, (Optional)",Ethics,3,PCTB (Punjab Curriculum & Textbook Board),https://drive.google.com/file/d/1IiZhg6zhdlXAYNz_piPnCb4_wggIFMN2/preview,"Official PCTB Akhlaqiat Class 3, (Optional) e-book / textbook."
Nazra Quran Class 4,Islamic Studies,4,PCTB (Punjab Curriculum & Textbook Board),https://drive.google.com/file/d/1Ba8QJM31iXxivUuKZLIAZZJ17PejDENB/preview,Official PCTB Nazra Quran Class 4 e-book / textbook.
Urdu Class 4,Urdu,4,PCTB (Punjab Curriculum & Textbook Board),https://drive.google.com/file/d/1lmfd019QlRWK-ZBJr0Ze7eLPU1PxIbfs/preview,Official PCTB Urdu Class 4 e-book / textbook.
English Class 4,English,4,PCTB (Punjab Curriculum & Textbook Board),https://drive.google.com/file/d/1YxAHOKvHXjdzQVy_RvoZeuugrHL3t0_e/preview,Official PCTB English Class 4 e-book / textbook.
"Math Class 4, English Medium",Mathematics,4,PCTB (Punjab Curriculum & Textbook Board),https://drive.google.com/file/d/1fpvfnz1sb6arKs8fcumu-Hgl4LjM34eh/preview,"Official PCTB Math Class 4, English Medium e-book / textbook."
General Science Class 4 English Medium,English,4,PCTB (Punjab Curriculum & Textbook Board),https://drive.google.com/file/d/1dAS1tPwg-kAAaN6dF1M-InwLJwl8OTWK/preview,Official PCTB General Science Class 4 English Medium e-book / textbook.
Islamiat Class 4 Urdu Medium,Urdu,4,PCTB (Punjab Curriculum & Textbook Board),https://drive.google.com/file/d/13HfdenXkBOLf_3kHQHV_VH4MzoalQqXX/preview,Official PCTB Islamiat Class 4 Urdu Medium e-book / textbook.
"Masharti Aloom Class 4, Urdu Medium",Urdu,4,PCTB (Punjab Curriculum & Textbook Board),https://drive.google.com/file/d/1EFPSWwGq32iIT-eDGKqtVjMsOeoMHUAD/preview,"Official PCTB Masharti Aloom Class 4, Urdu Medium e-book / textbook."
"Akhlaqiat Class 4, (Optional)",Ethics,4,PCTB (Punjab Curriculum & Textbook Board),https://drive.google.com/file/d/1_E6f2daSK68EXKe4s-JdpzlJWcIJs6ki/preview,"Official PCTB Akhlaqiat Class 4, (Optional) e-book / textbook."
Nazra Quran Class 5,Islamic Studies,5,PCTB (Punjab Curriculum & Textbook Board),https://drive.google.com/file/d/10seBJAaN5l1CW_sRWKto4WQZRqnKqaFz/preview,Official PCTB Nazra Quran Class 5 e-book / textbook.
Urdu class 5,Urdu,5,PCTB (Punjab Curriculum & Textbook Board),https://drive.google.com/file/d/10OQQYD3q-k6-Oq9m-5PwC5mg7Y2rbX_4/preview,Official PCTB Urdu class 5 e-book / textbook.
English Class 5,English,5,PCTB (Punjab Curriculum & Textbook Board),https://drive.google.com/file/d/1jsODAQskQsmY_SUp_4xJS7_4VB2lEfat/preview,Official PCTB English Class 5 e-book / textbook.
"Math Class 5, English Medium",Mathematics,5,PCTB (Punjab Curriculum & Textbook Board),https://drive.google.com/file/d/1JGSOgl61IFiwosrBQQVwLOo8FEt2tDA1/preview,"Official PCTB Math Class 5, English Medium e-book / textbook."
"General Science Class 5, English Medium",English,5,PCTB (Punjab Curriculum & Textbook Board),https://drive.google.com/file/d/1dwl4glSoZ2c1AYVKXH1IIkTSC4B3s97E/preview,"Official PCTB General Science Class 5, English Medium e-book / textbook."
"Islamiat Class 5, Urdu Medium",Urdu,5,PCTB (Punjab Curriculum & Textbook Board),https://drive.google.com/file/d/1xvIrc83nySxsysX5g6u7YN-yFeGe3QLb/preview,"Official PCTB Islamiat Class 5, Urdu Medium e-book / textbook."
"Masharti Aloom Class 5, Urdu medium",Urdu,5,PCTB (Punjab Curriculum & Textbook Board),https://drive.google.com/file/d/1FOp-kWZ_Z7hLcMsFaVxAkuzIdWVO56oe/preview,"Official PCTB Masharti Aloom Class 5, Urdu medium e-book / textbook."
"Akhlaqiat Class 5, (Optional)",Ethics,5,PCTB (Punjab Curriculum & Textbook Board),https://drive.google.com/file/d/1GoMHXY1XOB1O3Z1RFOMY6eWOplgAyP7-/preview,"Official PCTB Akhlaqiat Class 5, (Optional) e-book / textbook."
TARJUMA -TUL-QURAN -UL MAJEED Class 6,Islamic Studies,6,PCTB (Punjab Curriculum & Textbook Board),https://drive.google.com/file/d/1U-E0-_l_ERWaoomo0KRM3xXRbMNIKheE/preview,Official PCTB TARJUMA -TUL-QURAN -UL MAJEED Class 6 e-book / textbook.
Urdu SNC 2023-24 Class 6,Urdu,6,PCTB (Punjab Curriculum & Textbook Board),https://drive.google.com/file/d/1fjKTF0VJ9rGwEwrb1iYMZkuYxu4RmsdA/preview,Official PCTB Urdu SNC 2023-24 Class 6 e-book / textbook.
English SNC 2023-24 Class 6,English,6,PCTB (Punjab Curriculum & Textbook Board),https://drive.google.com/file/d/1J2WmRQ8acfiz3ZMCoWGisyE9qwnfclKY/preview,Official PCTB English SNC 2023-24 Class 6 e-book / textbook.
"Islamiat Class 6, Urdu Medium 2022",Urdu,6,PCTB (Punjab Curriculum & Textbook Board),https://drive.google.com/file/d/1sce17Q3P-dyNorHZpSdOTfST5-OMPHce/preview,"Official PCTB Islamiat Class 6, Urdu Medium 2022 e-book / textbook."
Geography SNC 2023-24 Class 6,Geography,6,PCTB (Punjab Curriculum & Textbook Board),https://drive.google.com/file/d/1OyJ19YeWpIFt6zjhTrLopJdtZVp2Wd0C/preview,Official PCTB Geography SNC 2023-24 Class 6 e-book / textbook.
History SNC 2023-24 Class 6,History,6,PCTB (Punjab Curriculum & Textbook Board),https://drive.google.com/file/d/1VhVINAr69UPAtnh3h7Ddt_KoHAidCY_4/preview,Official PCTB History SNC 2023-24 Class 6 e-book / textbook.
Ethics-2022 Class 6,Ethics,6,PCTB (Punjab Curriculum & Textbook Board),https://drive.google.com/file/d/1jpoj-jZT16QyDNGw-wCLn3r8WtfP-nOz/preview,Official PCTB Ethics-2022 Class 6 e-book / textbook.
Arabic-2022 Class 6,Arabic,6,PCTB (Punjab Curriculum & Textbook Board),https://drive.google.com/file/d/1eyir16wfi0C3UegVBo-bAB4C45fqvWdC/preview,Official PCTB Arabic-2022 Class 6 e-book / textbook.
Math SNC 2023-24 Class 6,Mathematics,6,PCTB (Punjab Curriculum & Textbook Board),https://drive.google.com/file/d/1mrKk0eG9rXxnQn2NJ2Sh_nH1U5wj2W1i/preview,Official PCTB Math SNC 2023-24 Class 6 e-book / textbook.
General Science SNC 2023-24 Class 6,General Science,6,PCTB (Punjab Curriculum & Textbook Board),https://drive.google.com/file/d/1DBdylHYJf82704FwDsr3MpQNEy1h5U-k/preview,Official PCTB General Science SNC 2023-24 Class 6 e-book / textbook.
Computer Science SNC 2023-24 Class 6,Computer Science,6,PCTB (Punjab Curriculum & Textbook Board),https://drive.google.com/file/d/1iZWa6KY50JzkMd5I8xiiEy-64v0c7QiZ/preview,Official PCTB Computer Science SNC 2023-24 Class 6 e-book / textbook.
ART & Drawing Class 6,Art & Drawing,6,PCTB (Punjab Curriculum & Textbook Board),https://drive.google.com/file/d/1UNoKKjJj3XxDIzypldyBrcIndgE9AfaS/preview,Official PCTB ART & Drawing Class 6 e-book / textbook.
Zari Taleem Class 6,Education,6,PCTB (Punjab Curriculum & Textbook Board),https://drive.google.com/file/d/1cPKPU_FjEaG2y3Tslsus5WqX48jcZqfd/preview,Official PCTB Zari Taleem Class 6 e-book / textbook.
Punjabi Class 6,Punjabi,6,PCTB (Punjab Curriculum & Textbook Board),https://drive.google.com/file/d/1OYkUT_VF_8j2UJ1_yljPa4jvLDOsO-W7/preview,Official PCTB Punjabi Class 6 e-book / textbook.
Farsi Class 6,Persian,6,PCTB (Punjab Curriculum & Textbook Board),https://drive.google.com/file/d/1XnbK7uOq7rn5IEZOxxqrOzGvVuCxUDX8/preview,Official PCTB Farsi Class 6 e-book / textbook.
Itlaqi Barqiat Class 6,Computer Science,6,PCTB (Punjab Curriculum & Textbook Board),https://drive.google.com/file/d/1hvMVMj8ygB9ir4HzhYLSxi9qXlx9GaH3/preview,Official PCTB Itlaqi Barqiat Class 6 e-book / textbook.
"Home Economics Class 6, Urdu Medium",Urdu,6,PCTB (Punjab Curriculum & Textbook Board),https://drive.google.com/file/d/1Q9xJqkTZ83DPPHa710KExHZWENebCtDC/preview,"Official PCTB Home Economics Class 6, Urdu Medium e-book / textbook."
"Geography Class 6, Urdu medium",Urdu,6,PCTB (Punjab Curriculum & Textbook Board),https://drive.google.com/file/d/1wqc8Zvqk26bxBxyy-lXP1VTjn1xdgObj/preview,"Official PCTB Geography Class 6, Urdu medium e-book / textbook."
"History Class 6, Urdu Medium",Urdu,6,PCTB (Punjab Curriculum & Textbook Board),https://drive.google.com/file/d/1ePELIBDXkBxWUvYNwVGaFVwGpTH0EVHS/preview,"Official PCTB History Class 6, Urdu Medium e-book / textbook."
TARJUMA -TUL-QURAN -UL MAJEED Class 7,Islamic Studies,7,PCTB (Punjab Curriculum & Textbook Board),https://drive.google.com/file/d/123L_ClDHd6uH9Sw-83rkAIoGhuEQNomZ/preview,Official PCTB TARJUMA -TUL-QURAN -UL MAJEED Class 7 e-book / textbook.
Islamiat SNC 2023-24 Class 7,Islamic Studies,7,PCTB (Punjab Curriculum & Textbook Board),https://drive.google.com/file/d/1g5mgMgPAcCUB-70JoGNbKk-Vu4cYjteC/preview,Official PCTB Islamiat SNC 2023-24 Class 7 e-book / textbook.
"Arabic Class 7, 2022 (Optional)",Arabic,7,PCTB (Punjab Curriculum & Textbook Board),https://drive.google.com/file/d/1pzN6br_CJHQ7niuDa3uSYYIr99Yt85T1/preview,"Official PCTB Arabic Class 7, 2022 (Optional) e-book / textbook."
Urdu SNC 2023-24 Class 7,Urdu,7,PCTB (Punjab Curriculum & Textbook Board),https://drive.google.com/file/d/1uqgeKN-J11LdgkNeCiJunDcXMTRirt8a/preview,Official PCTB Urdu SNC 2023-24 Class 7 e-book / textbook.
Ethics 2022 Class 7,Ethics,7,PCTB (Punjab Curriculum & Textbook Board),https://drive.google.com/file/d/1RRBSrb6SL02Ndn9YcnmUqYCcMoM7IJ5S/preview,Official PCTB Ethics 2022 Class 7 e-book / textbook.
Geography SNC 2023-24 Class 7,Geography,7,PCTB (Punjab Curriculum & Textbook Board),https://drive.google.com/file/d/1jcC0QyYAg_j0s_95ukvs-w9-eyLV9qQZ/preview,Official PCTB Geography SNC 2023-24 Class 7 e-book / textbook.
History SNC 2023-24 Class 7,History,7,PCTB (Punjab Curriculum & Textbook Board),https://drive.google.com/file/d/17ByBOJMShn8Mps2dOSMy5t2u7oTseZ59/preview,Official PCTB History SNC 2023-24 Class 7 e-book / textbook.
Math SNC 2023-24 Class 7,Mathematics,7,PCTB (Punjab Curriculum & Textbook Board),https://drive.google.com/file/d/1aIKToDIBjBgS_8A2Thmbm46srz4r338i/preview,Official PCTB Math SNC 2023-24 Class 7 e-book / textbook.
English SNC 2023-24 Class 7,English,7,PCTB (Punjab Curriculum & Textbook Board),https://drive.google.com/file/d/1EyfyU6OAE61w2RqAQQSRx_hbvVaIm9ew/preview,Official PCTB English SNC 2023-24 Class 7 e-book / textbook.
Computer Science SNC 2023-24 Class 7,Computer Science,7,PCTB (Punjab Curriculum & Textbook Board),https://drive.google.com/file/d/1LgxaMdjj-BiC-MEkQfSXBVXD7x4c9dy9/preview,Official PCTB Computer Science SNC 2023-24 Class 7 e-book / textbook.
General Science SNC 2023-24 Class 7,General Science,7,PCTB (Punjab Curriculum & Textbook Board),https://drive.google.com/file/d/14r9bFkXbR_lBGma5m2Bh20Mm7vhWmMpW/preview,Official PCTB General Science SNC 2023-24 Class 7 e-book / textbook.
General Science Urdu Medium Class 7,Urdu,7,PCTB (Punjab Curriculum & Textbook Board),https://drive.google.com/file/d/1hjYIne7bxgY91E_ZhUmRunJtT2jDlvGd/preview,Official PCTB General Science Urdu Medium Class 7 e-book / textbook.
ART & Drawing Class 7,Art & Drawing,7,PCTB (Punjab Curriculum & Textbook Board),https://drive.google.com/file/d/1Oar7_KC6r5UHwMkYV-e5GR6yZRVbhr0k/preview,Official PCTB ART & Drawing Class 7 e-book / textbook.
Farsi Class 7,Persian,7,PCTB (Punjab Curriculum & Textbook Board),https://drive.google.com/file/d/1uFeKHyzJd4Eb8dcyYFSeQVm7lF5R_QoE/preview,Official PCTB Farsi Class 7 e-book / textbook.
Punjabi Class 7,Punjabi,7,PCTB (Punjab Curriculum & Textbook Board),https://drive.google.com/file/d/1o1KKNfM4RluZYf-pKgE7f7tuJjtCBxdc/preview,Official PCTB Punjabi Class 7 e-book / textbook.
Zari Taleem Class 7,Education,7,PCTB (Punjab Curriculum & Textbook Board),https://drive.google.com/file/d/1qir-o2wxq9gpWnOC1oBR4_iRlhbQJCea/preview,Official PCTB Zari Taleem Class 7 e-book / textbook.
Itlaqi Barqiat Class 7,Computer Science,7,PCTB (Punjab Curriculum & Textbook Board),https://drive.google.com/file/d/19PU6OLJ8gwJn5byZOnW8HugorFTBMbKW/preview,Official PCTB Itlaqi Barqiat Class 7 e-book / textbook.
Home Economics Urdu Medium Class 7,Urdu,7,PCTB (Punjab Curriculum & Textbook Board),https://drive.google.com/file/d/1GKPcqeq_ZTI-HLGyyF-hcr8XFl0tH4zc/preview,Official PCTB Home Economics Urdu Medium Class 7 e-book / textbook.
Home Economics English Medium Class 7,English,7,PCTB (Punjab Curriculum & Textbook Board),https://drive.google.com/file/d/1hxrGjfRrVRWarrjpMkjVoqaXd4yAj7ji/preview,Official PCTB Home Economics English Medium Class 7 e-book / textbook.
Geography Urdu Medium Class 7,Urdu,7,PCTB (Punjab Curriculum & Textbook Board),https://drive.google.com/file/d/1IcRoT1RqG2gwhbyHeO93PKnN3d8_FDCE/preview,Official PCTB Geography Urdu Medium Class 7 e-book / textbook.
History Urdu Medium Class 7,Urdu,7,PCTB (Punjab Curriculum & Textbook Board),https://drive.google.com/file/d/1UxKj6IhIPmwA3UWV84e-3ZZl-1pN65vg/preview,Official PCTB History Urdu Medium Class 7 e-book / textbook.
TARJUMA -TUL-QURAN -UL MAJEED Class 8,Islamic Studies,8,PCTB (Punjab Curriculum & Textbook Board),https://drive.google.com/file/d/1Gs2TIBIS5TumiHy1WlCm6yDYFyQnGSeH/preview,Official PCTB TARJUMA -TUL-QURAN -UL MAJEED Class 8 e-book / textbook.
English SNC 2023-24 Class 8,English,8,PCTB (Punjab Curriculum & Textbook Board),https://drive.google.com/file/d/1VjslGe1d421x--q0gxAn2l4tYx3zAKF3/preview,Official PCTB English SNC 2023-24 Class 8 e-book / textbook.
Math SNC 2023-24 Class 8,Mathematics,8,PCTB (Punjab Curriculum & Textbook Board),https://drive.google.com/file/d/1nu_CRaFBMu2C5mgJd7Y-ekzOVITP-9rq/preview,Official PCTB Math SNC 2023-24 Class 8 e-book / textbook.
Geography SNC 2023-24 Class 8,Geography,8,PCTB (Punjab Curriculum & Textbook Board),https://drive.google.com/file/d/1aMxVwR0tg25ZzUKF17yGYJ6WIqLlh2X1/preview,Official PCTB Geography SNC 2023-24 Class 8 e-book / textbook.
History SNC 2023-24 Class 8,History,8,PCTB (Punjab Curriculum & Textbook Board),https://drive.google.com/file/d/1hRe3ZTRWQrMEcnWWPJtopp-u5intUob2/preview,Official PCTB History SNC 2023-24 Class 8 e-book / textbook.
General Science SNC 2023-24 Class 8,General Science,8,PCTB (Punjab Curriculum & Textbook Board),https://drive.google.com/file/d/14fpAa9TGsayEuMYuwY9gaRU9c_PKky_s/preview,Official PCTB General Science SNC 2023-24 Class 8 e-book / textbook.
Computer Science SNC 2023-24 Class 8,Computer Science,8,PCTB (Punjab Curriculum & Textbook Board),https://drive.google.com/file/d/1HcurSgdPnqAIuyVzzoKCDk_rGV-t5LsM/preview,Official PCTB Computer Science SNC 2023-24 Class 8 e-book / textbook.
Urdu SNC 2023-24 Class 8,Urdu,8,PCTB (Punjab Curriculum & Textbook Board),https://drive.google.com/file/d/1b_tMiA-YJ3ujhvrQQVJ43MGR3MlQykZh/preview,Official PCTB Urdu SNC 2023-24 Class 8 e-book / textbook.
Islamiat SNC 2023-24 Class 8,Islamic Studies,8,PCTB (Punjab Curriculum & Textbook Board),https://drive.google.com/file/d/1wSqIrXtfu0qjaMKlRdMnQ3eOKG3kF-jC/preview,Official PCTB Islamiat SNC 2023-24 Class 8 e-book / textbook.
"Arabic Class 8, 2022 (Optional)",Arabic,8,PCTB (Punjab Curriculum & Textbook Board),https://drive.google.com/file/d/1FIATDLIZyaKZkJOrhlJyaoYavRfLNpnc/preview,"Official PCTB Arabic Class 8, 2022 (Optional) e-book / textbook."
"Ethics Class 8, 2022",Ethics,8,PCTB (Punjab Curriculum & Textbook Board),https://drive.google.com/file/d/1U0XEoha1jvTgcclNxlicz4Zr64eCb0Jd/preview,"Official PCTB Ethics Class 8, 2022 e-book / textbook."
ART & Drawing Class 8,Art & Drawing,8,PCTB (Punjab Curriculum & Textbook Board),https://drive.google.com/file/d/1P7A3MzWR4r6SKPrQMGaDzXtkgI3Th_di/preview,Official PCTB ART & Drawing Class 8 e-book / textbook.
Farsi Class 8,Persian,8,PCTB (Punjab Curriculum & Textbook Board),https://drive.google.com/file/d/1iOVilJOB29LSynrEGb8EIwdtte_AVEZj/preview,Official PCTB Farsi Class 8 e-book / textbook.
Punjabi Class 8,Punjabi,8,PCTB (Punjab Curriculum & Textbook Board),https://drive.google.com/file/d/1gQqk-gR9TUj_cfkcAFIrQFLtoCfRwyET/preview,Official PCTB Punjabi Class 8 e-book / textbook.
Zari Taleem Class 8,Education,8,PCTB (Punjab Curriculum & Textbook Board),https://drive.google.com/file/d/1DZM5FjdhBaVlU1FeGFPBAiofP6w6Rt3I/preview,Official PCTB Zari Taleem Class 8 e-book / textbook.
Itlaqi Barqiat Class 8,Computer Science,8,PCTB (Punjab Curriculum & Textbook Board),https://drive.google.com/file/d/1afDFrcvKT-8DeVz0Ro3RaeIcHBUeiqLh/preview,Official PCTB Itlaqi Barqiat Class 8 e-book / textbook.
Home Economics Urdu Medium Class 8,Urdu,8,PCTB (Punjab Curriculum & Textbook Board),https://drive.google.com/file/d/1MJaRDwgBkdC6-ADZAh1-wc72PeNR8TLj/preview,Official PCTB Home Economics Urdu Medium Class 8 e-book / textbook.
Home Economics English Medium Class 8,English,8,PCTB (Punjab Curriculum & Textbook Board),https://drive.google.com/file/d/15M-UTWB2ZI8qZEwYUxIpDmXM8R_H_gcO/preview,Official PCTB Home Economics English Medium Class 8 e-book / textbook.
Geography Urdu Medium Class 8,Urdu,8,PCTB (Punjab Curriculum & Textbook Board),https://drive.google.com/file/d/13hHZDDx9dDi3spCIMclj7CVkQ1t50eVP/preview,Official PCTB Geography Urdu Medium Class 8 e-book / textbook.
History Urdu Medium Class 8,Urdu,8,PCTB (Punjab Curriculum & Textbook Board),https://drive.google.com/file/d/1tc4UyYM3fRW_U9XtfmPRMciRgCzZI7N2/preview,Official PCTB History Urdu Medium Class 8 e-book / textbook.
Tarjuma-tul-Quran-ul-Majeed Class 9,Islamic Studies,9,PCTB (Punjab Curriculum & Textbook Board),https://drive.google.com/file/d/157EhLaNBr6h1XNrF6k2mflsdui9RfYaU/preview,Official PCTB Tarjuma-tul-Quran-ul-Majeed Class 9 e-book / textbook.
Islamiat SNC 2023-24 Class 9,Islamic Studies,9,PCTB (Punjab Curriculum & Textbook Board),https://drive.google.com/file/d/18XgCH9EanxBp5i2WHI562OPjyIVGdLce/preview,Official PCTB Islamiat SNC 2023-24 Class 9 e-book / textbook.
Islamiyat 2025-26 Class 9,Islamic Studies,9,PCTB (Punjab Curriculum & Textbook Board),https://drive.google.com/file/d/1kiaCqhXsXuuZ7HAAuXYfjl4_WaBf-ARS/preview,Official PCTB Islamiyat 2025-26 Class 9 e-book / textbook.
Urdu Class 9,Urdu,9,PCTB (Punjab Curriculum & Textbook Board),https://drive.google.com/file/d/1anDiX4MZVNmMOzwrwLS7AV0qm5gxO5RF/preview,Official PCTB Urdu Class 9 e-book / textbook.
English 2023-24 Class 9,English,9,PCTB (Punjab Curriculum & Textbook Board),https://drive.google.com/file/d/1FINjBKx-C1rlY1EiWGXIsiPVitYMx-5v/preview,Official PCTB English 2023-24 Class 9 e-book / textbook.
English 2025-26 Class 9,English,9,PCTB (Punjab Curriculum & Textbook Board),https://drive.google.com/file/d/1mWBO-wzXqv0Oq9oazcjM-Y16EqmPqBtj/preview,Official PCTB English 2025-26 Class 9 e-book / textbook.
General Math English Medium 2020 Class 9,Mathematics,9,PCTB (Punjab Curriculum & Textbook Board),https://drive.google.com/file/d/1NYkK6KoP96kJWpDX9YwhGLr8eaYof9T_/preview,Official PCTB General Math English Medium 2020 Class 9 e-book / textbook.
General Math Urdu Medium 2020 Class 9,Mathematics,9,PCTB (Punjab Curriculum & Textbook Board),https://drive.google.com/file/d/1DvhLz3Z_FusF9Wyv2EeItrXSucBLpoCp/preview,Official PCTB General Math Urdu Medium 2020 Class 9 e-book / textbook.
Math (Science Group) English Medium 2020 Class 9,Mathematics,9,PCTB (Punjab Curriculum & Textbook Board),https://pctb.punjab.gov.pk/system/files/2019-G09-Mathematics-EM_0.pdf,Official PCTB Math (Science Group) English Medium 2020 Class 9 e-book / textbook.
Math (Science Group) Urdu Medium 2020 Class 9,Mathematics,9,PCTB (Punjab Curriculum & Textbook Board),https://pctb.punjab.gov.pk/system/files/2019-G09-Math-UM_0.pdf,Official PCTB Math (Science Group) Urdu Medium 2020 Class 9 e-book / textbook.
Math English Medium 2025-26 Class 9,Mathematics,9,PCTB (Punjab Curriculum & Textbook Board),https://drive.google.com/file/d/1IHxM96F221JY3uL4jEIRWQ8NxskXyilF/preview,Official PCTB Math English Medium 2025-26 Class 9 e-book / textbook.
Math Urdu Medium 2025-26 Class 9,Mathematics,9,PCTB (Punjab Curriculum & Textbook Board),https://drive.google.com/file/d/1uSduNMyaebkeOlAis_oh4KUBKssMAT2M/preview,Official PCTB Math Urdu Medium 2025-26 Class 9 e-book / textbook.
Physics English Medium 2025-26 Class 9,Physics,9,PCTB (Punjab Curriculum & Textbook Board),https://drive.google.com/file/d/14TEL4poDp5vvAP7JZ3dYXJ4U_9fPexm3/preview,Official PCTB Physics English Medium 2025-26 Class 9 e-book / textbook.
Chemistry English Medium 2025-26 Class 9,Chemistry,9,PCTB (Punjab Curriculum & Textbook Board),https://drive.google.com/file/d/1OY1Unpm8VkLCGQfbLFrE8wLn3fzXmZpc/preview,Official PCTB Chemistry English Medium 2025-26 Class 9 e-book / textbook.
Computer Science English Medium 2025-26 Class 9,Computer Science,9,PCTB (Punjab Curriculum & Textbook Board),https://drive.google.com/file/d/1K9AWmNIjYFUNWE_F8JkELmlEkZO9Ms85/preview,Official PCTB Computer Science English Medium 2025-26 Class 9 e-book / textbook.
Biology English Medium 2025-26 Class 9,Biology,9,PCTB (Punjab Curriculum & Textbook Board),https://drive.google.com/file/d/1rH5qC3FM12nPcH1zIVbm25tMKWxMv-3P/preview,Official PCTB Biology English Medium 2025-26 Class 9 e-book / textbook.
Physics Practical Videos Class 9,Physics,9,PCTB (Punjab Curriculum & Textbook Board),https://www.elearn.gov.pk/elearn_app/chapters/39,Official PCTB Physics Practical Videos Class 9 e-book / textbook.
Chemistry Practical Videos Class 9,Chemistry,9,PCTB (Punjab Curriculum & Textbook Board),https://www.elearn.gov.pk/elearn_app/chapters/41,Official PCTB Chemistry Practical Videos Class 9 e-book / textbook.
Biology Practical Videos Class 9,Biology,9,PCTB (Punjab Curriculum & Textbook Board),https://www.elearn.gov.pk/elearn_app/chapters/43,Official PCTB Biology Practical Videos Class 9 e-book / textbook.
Bio Tech Urdu Medium Class 9,Biology,9,PCTB (Punjab Curriculum & Textbook Board),https://drive.google.com/file/d/18hKlhb7UJUDtIsn5Q_tNgz321h93PDN9/preview,Official PCTB Bio Tech Urdu Medium Class 9 e-book / textbook.
Bio Tech English Medium Class 9,Biology,9,PCTB (Punjab Curriculum & Textbook Board),https://drive.google.com/file/d/1I9F9tqWqaGBndZSR3DzyaBtsG1ImpU5l/preview,Official PCTB Bio Tech English Medium Class 9 e-book / textbook.
General Science Tech Class 9,General Science,9,PCTB (Punjab Curriculum & Textbook Board),https://drive.google.com/file/d/1y-R2gAB30M3D9dOPfNiITyVs_HZHFYmN/preview,Official PCTB General Science Tech Class 9 e-book / textbook.
Computer and Entrepreneur Tech Urdu Medium Class 9,Computer Science,9,PCTB (Punjab Curriculum & Textbook Board),https://drive.google.com/file/d/1hTYUZQT9RmTDPDBCGfRpPsXwN_J4bSIN/preview,Official PCTB Computer and Entrepreneur Tech Urdu Medium Class 9 e-book / textbook.
Chemistry Tech English Medium Class 9,Chemistry,9,PCTB (Punjab Curriculum & Textbook Board),https://drive.google.com/file/d/1h9xTQfWHhyVKMTT6oXyc86JIBVH3YecN/preview,Official PCTB Chemistry Tech English Medium Class 9 e-book / textbook.
Chemistry Tech Urdu Medium Class 9,Chemistry,9,PCTB (Punjab Curriculum & Textbook Board),https://drive.google.com/file/d/1W4H3cekH01iGPuFrpypdAnfsUTic-NRe/preview,Official PCTB Chemistry Tech Urdu Medium Class 9 e-book / textbook.
Computer Tech Urdu Medium Class 9,Computer Science,9,PCTB (Punjab Curriculum & Textbook Board),https://drive.google.com/file/d/15YupqrqcYE10xX8-A_uf3a_mEDKvGBHA/preview,Official PCTB Computer Tech Urdu Medium Class 9 e-book / textbook.
General Science Tech Urdu Medium Class 9,Urdu,9,PCTB (Punjab Curriculum & Textbook Board),https://drive.google.com/file/d/1M1rpSVxAW1CmqGkjxKlkMccMklrbK-NU/preview,Official PCTB General Science Tech Urdu Medium Class 9 e-book / textbook.
Agriculture Science Tech English Medium Class 9,English,9,PCTB (Punjab Curriculum & Textbook Board),https://drive.google.com/file/d/1l0VrqpNpeU2wTe2dn8wybuNWr9DDa32D/preview,Official PCTB Agriculture Science Tech English Medium Class 9 e-book / textbook.
Communication Skills Tech Class 9,General,9,PCTB (Punjab Curriculum & Textbook Board),https://drive.google.com/file/d/1Zvc7OuZLU7K3NJlBAsItESw6QCwLTZs-/preview,Official PCTB Communication Skills Tech Class 9 e-book / textbook.
Fashion Design Tech 2025 Class 9,General,9,PCTB (Punjab Curriculum & Textbook Board),https://drive.google.com/file/d/1FBo8CD6rbbFDKJLzYSggRycinmZOTRgS/preview,Official PCTB Fashion Design Tech 2025 Class 9 e-book / textbook.
ICT Tech Class 9,Computer Science,9,PCTB (Punjab Curriculum & Textbook Board),https://drive.google.com/file/d/1VC3YVN_XfwM8O1TGnUUcXqVXbDFeKbkM/preview,Official PCTB ICT Tech Class 9 e-book / textbook.
Health Sciences Tech Class 9,General Science,9,PCTB (Punjab Curriculum & Textbook Board),https://drive.google.com/file/d/1WCBIfuzuY3Un3ZLTl9A58RWElBcx1RFG/preview,Official PCTB Health Sciences Tech Class 9 e-book / textbook.
Physics Tech English Medium Class 9,Physics,9,PCTB (Punjab Curriculum & Textbook Board),https://drive.google.com/file/d/1xYy8pSLJ_izsnvaI72PczXvpeMJ9rZnI/preview,Official PCTB Physics Tech English Medium Class 9 e-book / textbook.
Physics Tech Urdu Medium Class 9,Physics,9,PCTB (Punjab Curriculum & Textbook Board),https://drive.google.com/file/d/1UlVvG_U8v2iRZLXmJiOLTBB_opTbflFp/preview,Official PCTB Physics Tech Urdu Medium Class 9 e-book / textbook.
TARJUMA-TUL-QURAN-UL MAJEED Class 10,Islamic Studies,10,PCTB (Punjab Curriculum & Textbook Board),https://drive.google.com/file/d/1DMkY84-p4zsQbjKzyGcsTxIXsMGDxOeM/preview,Official PCTB TARJUMA-TUL-QURAN-UL MAJEED Class 10 e-book / textbook.
Math (Sc) English Medium 2020 Class 10,Mathematics,10,PCTB (Punjab Curriculum & Textbook Board),https://drive.google.com/file/d/1qdbKbuuHT80byq6gO1i6l6konU0lAoDW/preview,Official PCTB Math (Sc) English Medium 2020 Class 10 e-book / textbook.
Math (Sc) Urdu Medium 2020 Class 10,Mathematics,10,PCTB (Punjab Curriculum & Textbook Board),https://drive.google.com/file/d/1jOIZC6B2lSPDofjH23274YfAbn9hTtnf/preview,Official PCTB Math (Sc) Urdu Medium 2020 Class 10 e-book / textbook.
General Math Urdu Medium 2020 Class 10,Mathematics,10,PCTB (Punjab Curriculum & Textbook Board),https://drive.google.com/file/d/1cL9VeSnJ7xnjyQw7UFCT299ayQ2auTrP/preview,Official PCTB General Math Urdu Medium 2020 Class 10 e-book / textbook.
General Math English Medium 2020 Class 10,Mathematics,10,PCTB (Punjab Curriculum & Textbook Board),https://drive.google.com/file/d/182-BwJNJbj479S8hhJYhwZBAX91Wtww_/preview,Official PCTB General Math English Medium 2020 Class 10 e-book / textbook.
Physics English Medium Class 10,Physics,10,PCTB (Punjab Curriculum & Textbook Board),https://drive.google.com/file/d/1ZUhUAkGyAxbVAWIWNF6G3m1q4HTWk604/preview,Official PCTB Physics English Medium Class 10 e-book / textbook.
Chemistry English Medium Class 10,Chemistry,10,PCTB (Punjab Curriculum & Textbook Board),https://drive.google.com/file/d/1Dc3uLt6sUFRPqOeIiHpGKkubOMPOxsz5/preview,Official PCTB Chemistry English Medium Class 10 e-book / textbook.
Biology Urdu Medium 2020 Class 10,Biology,10,PCTB (Punjab Curriculum & Textbook Board),https://drive.google.com/file/d/14MARLXThhqecaUPsESYmf8qmRyYG73DX/preview,Official PCTB Biology Urdu Medium 2020 Class 10 e-book / textbook.
Biology English Medium 2020 Class 10,Biology,10,PCTB (Punjab Curriculum & Textbook Board),https://drive.google.com/file/d/1_ZseEY6DSDJZ70bY-xwzNcvDt27jJ3fY/preview,Official PCTB Biology English Medium 2020 Class 10 e-book / textbook.
Computer Science English Medium Class 10,Computer Science,10,PCTB (Punjab Curriculum & Textbook Board),https://drive.google.com/file/d/1yKlB9hKd9tkz00xkmnNhzPD75mTYDzuF/preview,Official PCTB Computer Science English Medium Class 10 e-book / textbook.
Computer Science Urdu Medium 2023-24 Class 10,Computer Science,10,PCTB (Punjab Curriculum & Textbook Board),https://drive.google.com/file/d/1IAobikFrUu0aZ7nGGYVdVb6OAtDjzPVd/preview,Official PCTB Computer Science Urdu Medium 2023-24 Class 10 e-book / textbook.
Urdu (Compulsory) Class 10,Urdu,10,PCTB (Punjab Curriculum & Textbook Board),https://drive.google.com/file/d/18tSuH5M7a5QSarmm-hkIggxImtSp6M73/preview,Official PCTB Urdu (Compulsory) Class 10 e-book / textbook.
Pakistan Studies English Medium 2020 Class 10,English,10,PCTB (Punjab Curriculum & Textbook Board),https://drive.google.com/file/d/1vy_li04BE3Yir-Q4FO9waNiDfDkGZfu9/preview,Official PCTB Pakistan Studies English Medium 2020 Class 10 e-book / textbook.
Pakistan Studies Urdu Medium 2020 Class 10,Urdu,10,PCTB (Punjab Curriculum & Textbook Board),https://drive.google.com/file/d/16fzxuMNoh-kTUp-HaqE0UVZaHs238zqv/preview,Official PCTB Pakistan Studies Urdu Medium 2020 Class 10 e-book / textbook.
Akhlaqiat 10 2023-24 Class 10,Ethics,10,PCTB (Punjab Curriculum & Textbook Board),https://drive.google.com/file/d/1WySlT2PhoDU-Ulym-UBArfsC3SM7BUb-/preview,Official PCTB Akhlaqiat 10 2023-24 Class 10 e-book / textbook.
Islamiat SNC 2023-24 Class 10,Islamic Studies,10,PCTB (Punjab Curriculum & Textbook Board),https://drive.google.com/file/d/17pwBhL5Zcr19mcEZwa0hXuG62SYC-YfV/preview,Official PCTB Islamiat SNC 2023-24 Class 10 e-book / textbook.
PNB Computer English Medium 2023-24 Class 10,Computer Science,10,PCTB (Punjab Curriculum & Textbook Board),https://drive.google.com/file/d/1-tzDf85nCABrHeekXGjn_qct91lXBYh3/preview,Official PCTB PNB Computer English Medium 2023-24 Class 10 e-book / textbook.
PNB Computer Urdu Medium 2023-24 Class 10,Computer Science,10,PCTB (Punjab Curriculum & Textbook Board),https://drive.google.com/file/d/1BkTP_gSYlznl_JRImGS2zzhp3mGyGqRc/preview,Official PCTB PNB Computer Urdu Medium 2023-24 Class 10 e-book / textbook.
Pakistan Studies Urdu Medium 2023-24 Class 10,Urdu,10,PCTB (Punjab Curriculum & Textbook Board),https://drive.google.com/file/d/1IWhnJsWp1kxcR1RN386Klibmf05ghKQB/preview,Official PCTB Pakistan Studies Urdu Medium 2023-24 Class 10 e-book / textbook.
Pakistan Studies English Medium 2023-24 Class 10,English,10,PCTB (Punjab Curriculum & Textbook Board),https://drive.google.com/file/d/1yjFhk8BTHqZ0DCfxvfTZ-zPtVJi4hjkQ/preview,Official PCTB Pakistan Studies English Medium 2023-24 Class 10 e-book / textbook.
English Class 10,English,10,PCTB (Punjab Curriculum & Textbook Board),https://drive.google.com/file/d/11dohkOXSikmxJgGomYBo1TdAMfaMoPnV/preview,Official PCTB English Class 10 e-book / textbook.
Ghiza aur Ghizayat Class 10,Home Economics,10,PCTB (Punjab Curriculum & Textbook Board),https://drive.google.com/file/d/1A5RbcMqd5tb4HSPJg5ETcgs7IVQecUx-/preview,Official PCTB Ghiza aur Ghizayat Class 10 e-book / textbook.
Parcha Bafi (Textile and Clothing) Class 10,Home Economics,10,PCTB (Punjab Curriculum & Textbook Board),https://drive.google.com/file/d/1LxyHrI2fqsr6-m3iWNlexjWc9nkfwnux/preview,Official PCTB Parcha Bafi (Textile and Clothing) Class 10 e-book / textbook.
ART & Modal Drawing Urdu Medium 2023-24 Class 10,Urdu,10,PCTB (Punjab Curriculum & Textbook Board),https://drive.google.com/file/d/1yye9z82IEmvjDJn6f_jfaTMID-SRVRgd/preview,Official PCTB ART & Modal Drawing Urdu Medium 2023-24 Class 10 e-book / textbook.
ART & Modal Drawing English Medium 2023-24 Class 10,English,10,PCTB (Punjab Curriculum & Textbook Board),https://drive.google.com/file/d/1Ll9B5qkF-NgIvlgFfEAx43kvWO6rB6Pu/preview,Official PCTB ART & Modal Drawing English Medium 2023-24 Class 10 e-book / textbook.
Home Economics Class 10,Economics,10,PCTB (Punjab Curriculum & Textbook Board),https://drive.google.com/file/d/1TamTuKze5G_2tswXBKInc7MKryRW9M8B/preview,Official PCTB Home Economics Class 10 e-book / textbook.
PNB Biology English Medium 2023-24 Class 10,Biology,10,PCTB (Punjab Curriculum & Textbook Board),https://drive.google.com/file/d/1MSsmh0Xk9wMTnDA8jLmBrPqjFyFSvkyj/preview,Official PCTB PNB Biology English Medium 2023-24 Class 10 e-book / textbook.
PNB Biology Urdu Medium 2023-24 Class 10,Biology,10,PCTB (Punjab Curriculum & Textbook Board),https://drive.google.com/file/d/12xMYh8slEsmRNU5PP9owi7zN2Kn3lzzX/preview,Official PCTB PNB Biology Urdu Medium 2023-24 Class 10 e-book / textbook.
PNB Chemistry English Medium 2023-24 Class 10,Chemistry,10,PCTB (Punjab Curriculum & Textbook Board),https://drive.google.com/file/d/1Y5DC_JWiBwAheN3xtTkpIdpC90BldS-4/preview,Official PCTB PNB Chemistry English Medium 2023-24 Class 10 e-book / textbook.
PNB Chemistry Urdu Medium 2023-24 Class 10,Chemistry,10,PCTB (Punjab Curriculum & Textbook Board),https://drive.google.com/file/d/1LGLaEAcutMZ9y6ZoKPQzoiGAji9C2Ta6/preview,Official PCTB PNB Chemistry Urdu Medium 2023-24 Class 10 e-book / textbook.
PNB Physics English Medium 2023-24 Class 10,Physics,10,PCTB (Punjab Curriculum & Textbook Board),https://drive.google.com/file/d/1a-PO8F8qtOHhF8HLeWOCpPM9FFG1M9yZ/preview,Official PCTB PNB Physics English Medium 2023-24 Class 10 e-book / textbook.
PNB Physics Urdu Medium 2023-24 Class 10,Physics,10,PCTB (Punjab Curriculum & Textbook Board),https://drive.google.com/file/d/17rtfHf3vy57EuCmxMpH5R8yJhLxcnoaS/preview,Official PCTB PNB Physics Urdu Medium 2023-24 Class 10 e-book / textbook.
Physics Practical Video Class 10,Physics,10,PCTB (Punjab Curriculum & Textbook Board),https://www.elearn.gov.pk/elearn_app/chapters/40,Official PCTB Physics Practical Video Class 10 e-book / textbook.
Chemistry Practical Video Class 10,Chemistry,10,PCTB (Punjab Curriculum & Textbook Board),https://www.elearn.gov.pk/elearn_app/chapters/42,Official PCTB Chemistry Practical Video Class 10 e-book / textbook.
Biology Practical Video Class 10,Biology,10,PCTB (Punjab Curriculum & Textbook Board),https://www.elearn.gov.pk/elearn_app/chapters/44,Official PCTB Biology Practical Video Class 10 e-book / textbook.
Farsi for Classes 9 and 10,Persian,9,PCTB (Punjab Curriculum & Textbook Board),https://drive.google.com/file/d/1x7_YccQIBcR1Txz9noSfcOWGxNfIyBfh/preview,Official PCTB Farsi for Classes 9 and 10 e-book / textbook.
General Science English Medium for Classes 9 and 10,English,9,PCTB (Punjab Curriculum & Textbook Board),https://drive.google.com/file/d/1JpqDG39mhcFxq0cx1pRfx3_lLR6xwsLs/preview,Official PCTB General Science English Medium for Classes 9 and 10 e-book / textbook.
General Science Urdu Medium for Classes 9 and 10,Urdu,9,PCTB (Punjab Curriculum & Textbook Board),https://drive.google.com/file/d/1kX5PVHh8f2u9r_gUIGewxh2T_xSl3P_e/preview,Official PCTB General Science Urdu Medium for Classes 9 and 10 e-book / textbook.
English Grammar and Composition for Classes 9 and 10 (2023–24),English,9,PCTB (Punjab Curriculum & Textbook Board),https://drive.google.com/file/d/1SOthleP3bosiOobT5Zwbi0Ceq7J091pc/preview,Official PCTB English Grammar and Composition for Classes 9 and 10 (2023–24) e-book / textbook.
Urdu Quaid-e-Insha 2023–24 for Classes 9 and 10,Urdu,9,PCTB (Punjab Curriculum & Textbook Board),https://drive.google.com/file/d/18jrYqapYhunZykdWTX4Yl5js8RtCk2Bq/preview,Official PCTB Urdu Quaid-e-Insha 2023–24 for Classes 9 and 10 e-book / textbook.
Economics Urdu Medium 2023–24 for Classes 9 and 10,Urdu,9,PCTB (Punjab Curriculum & Textbook Board),https://drive.google.com/file/d/1TYeS-sLBmy1PbZNAQb1v2C2kDgZ4INeK/preview,Official PCTB Economics Urdu Medium 2023–24 for Classes 9 and 10 e-book / textbook.
Economics English Medium 2023–24 for Classes 9 and 10,English,9,PCTB (Punjab Curriculum & Textbook Board),https://drive.google.com/file/d/1TDtLr6-Tb7_qXUHfBbJQarir-MDgHPuK/preview,Official PCTB Economics English Medium 2023–24 for Classes 9 and 10 e-book / textbook.
Punjabi Ikhtari for Classes 9 and 10,Punjabi,9,PCTB (Punjab Curriculum & Textbook Board),https://drive.google.com/file/d/1jJSG3eMqZRpKHF_-elqDg6zO1ku4zlMQ/preview,Official PCTB Punjabi Ikhtari for Classes 9 and 10 e-book / textbook.
Zari Taleem for Classes 9 and 10,Education,9,PCTB (Punjab Curriculum & Textbook Board),https://drive.google.com/file/d/1olRc_30qz47M71FFmdPS4Sfkjc9iITQX/preview,Official PCTB Zari Taleem for Classes 9 and 10 e-book / textbook.
Health & Physical [Education for Classes 9 and 10,Physics,9,PCTB (Punjab Curriculum & Textbook Board),https://drive.google.com/file/d/17ZwO06Cr3qvzeSwIT_gu6qaLx_sFqWo_/preview,Official PCTB Health & Physical [Education for Classes 9 and 10 e-book / textbook.
Civics Urdu Medium 2023–24 for Classes 9 and 10,Urdu,9,PCTB (Punjab Curriculum & Textbook Board),https://drive.google.com/file/d/117Ixwo3MPOEWOVILaHsRGT5-xfS8hswG/preview,Official PCTB Civics Urdu Medium 2023–24 for Classes 9 and 10 e-book / textbook.
Model Paper Islamiyat 2024 Class 9,Islamic Studies,9,PCTB (Punjab Curriculum & Textbook Board),https://pctb.punjab.gov.pk/system/files/Model%20Paper%20Islamiat%209%202024%20watermark.pdf,Official PCTB Model Paper Islamiyat 2024 Class 9 e-book / textbook.
TARJUMA-TUL-QURAN-UL MAJEED Class 11,Islamic Studies,11,PCTB (Punjab Curriculum & Textbook Board),https://drive.google.com/file/d/13-5E7OTI7SXT_n8n3JVr2w1FoA-3YC5k/preview,Official PCTB TARJUMA-TUL-QURAN-UL MAJEED Class 11 e-book / textbook.
Islamiat Urdu Medium 2023–24 Class 11,Urdu,11,PCTB (Punjab Curriculum & Textbook Board),https://drive.google.com/file/d/1vzB0IOxkuFyV-oBRtMLcORg-9zeA2AvK/preview,Official PCTB Islamiat Urdu Medium 2023–24 Class 11 e-book / textbook.
Physical Geography (Tabai) Class 11,Physics,11,PCTB (Punjab Curriculum & Textbook Board),https://drive.google.com/file/d/1MsR3fBJ96z96-wkLsf4d7EbWOP2mY73L/preview,Official PCTB Physical Geography (Tabai) Class 11 e-book / textbook.
Urdu 2020 Class 11,Urdu,11,PCTB (Punjab Curriculum & Textbook Board),https://drive.google.com/file/d/1RbV-xNcr1EQWCq-vFLhEPQOvKR-ypou2/preview,Official PCTB Urdu 2020 Class 11 e-book / textbook.
English Book I (Short Stories) 2020 Class 11,English,11,PCTB (Punjab Curriculum & Textbook Board),https://drive.google.com/file/d/1UZWpMZqDULa2LQxOxmS2Kx9xmt9MhpmR/preview,Official PCTB English Book I (Short Stories) 2020 Class 11 e-book / textbook.
English Book III 2020 Class 11,English,11,PCTB (Punjab Curriculum & Textbook Board),https://drive.google.com/file/d/1CKOaS_Xdhif0nCBuN3odRADszw4kxnou/preview,Official PCTB English Book III 2020 Class 11 e-book / textbook.
Math 2020 Class 11,Mathematics,11,PCTB (Punjab Curriculum & Textbook Board),https://drive.google.com/file/d/12ZwmEwOKAAqPg58uUmkC5xU2zrqYtHtl/preview,Official PCTB Math 2020 Class 11 e-book / textbook.
Physics Class 11,Physics,11,PCTB (Punjab Curriculum & Textbook Board),https://drive.google.com/file/d/15BNgMeeVTOKT7hgUYR95UhP89JjXkB3y/preview,Official PCTB Physics Class 11 e-book / textbook.
Islamiat Urdu Medium 2020 Class 11,Urdu,11,PCTB (Punjab Curriculum & Textbook Board),https://drive.google.com/file/d/1OwT0DGdQUunbTVq8mc4raZgzZeVj8qLn/preview,Official PCTB Islamiat Urdu Medium 2020 Class 11 e-book / textbook.
Economics Class 11,Economics,11,PCTB (Punjab Curriculum & Textbook Board),https://drive.google.com/file/d/1TyV2p2dxexTpbTvL-PqK5kLfn2XmSD6A/preview,Official PCTB Economics Class 11 e-book / textbook.
Statistics 2020 Class 11,Statistics,11,PCTB (Punjab Curriculum & Textbook Board),https://drive.google.com/file/d/12-qoGhuUvsLkBHSCQ-JJuDe9Do62FT3a/preview,Official PCTB Statistics 2020 Class 11 e-book / textbook.
Biology English Medium 2020 Class 11,Biology,11,PCTB (Punjab Curriculum & Textbook Board),https://drive.google.com/file/d/1SEsJqSF5DrFcXm9v7OvJX0tXIFmkdWkH/preview,Official PCTB Biology English Medium 2020 Class 11 e-book / textbook.
Chemistry English Medium 2020 Class 11,Chemistry,11,PCTB (Punjab Curriculum & Textbook Board),https://drive.google.com/file/d/1qug6abtqmdOBhtFzZwviLrkggMq9svLQ/preview,Official PCTB Chemistry English Medium 2020 Class 11 e-book / textbook.
Computer Science Class 11,Computer Science,11,PCTB (Punjab Curriculum & Textbook Board),https://drive.google.com/file/d/1A_fvlHW-N2aBMH6XiYHkgJfmCcc4y-BZ/preview,Official PCTB Computer Science Class 11 e-book / textbook.
Civics 2023–24 Class 11,Civics,11,PCTB (Punjab Curriculum & Textbook Board),https://drive.google.com/file/d/14uhOVjM1vc7uPc7qv-k6lUNDwUo1v5-K/preview,Official PCTB Civics 2023–24 Class 11 e-book / textbook.
Punjabi Ikhtiari (Adab Khazeeny) 2020 Class 11,Punjabi,11,PCTB (Punjab Curriculum & Textbook Board),https://drive.google.com/file/d/1WUraJ-KY41PRDW0SyDN_qmf45rOxyHeG/preview,Official PCTB Punjabi Ikhtiari (Adab Khazeeny) 2020 Class 11 e-book / textbook.
Ilm-ul-Taleem Class 11,Education,11,PCTB (Punjab Curriculum & Textbook Board),https://pctb.punjab.gov.pk/system/files/2018-G11-ILM%20UL%20TALEEM-UM.pdf,Official PCTB Ilm-ul-Taleem Class 11 e-book / textbook.
Farsi 2020 Class 11,Persian,11,PCTB (Punjab Curriculum & Textbook Board),https://drive.google.com/file/d/1e_KZXg31XUKV12V37nbNXQjCr4agJU_Y/preview,Official PCTB Farsi 2020 Class 11 e-book / textbook.
"Hadiqat-ul-Adab, Arabic Elective (Juiz-ul-Awal) 2020 Class 11",Arabic,11,PCTB (Punjab Curriculum & Textbook Board),https://drive.google.com/file/d/19JImHJJNJgLU3jpDJmkZjMu4_M_LNcBP/preview,"Official PCTB Hadiqat-ul-Adab, Arabic Elective (Juiz-ul-Awal) 2020 Class 11 e-book / textbook."
Mubadiyat Falsfa 2020 Class 11,General,11,PCTB (Punjab Curriculum & Textbook Board),https://drive.google.com/file/d/12G6aUkM5TOozIylymiOGVhag5ST_lrgP/preview,Official PCTB Mubadiyat Falsfa 2020 Class 11 e-book / textbook.
Psychology (Nafsiyat) Urdu Medium 2020 Class 11,Urdu,11,PCTB (Punjab Curriculum & Textbook Board),https://drive.google.com/file/d/1Nkedemd417cLWoNL488eufMLdtqxohk3/preview,Official PCTB Psychology (Nafsiyat) Urdu Medium 2020 Class 11 e-book / textbook.
Muraqa-e-Adab 2020 Class 11,Arabic,11,PCTB (Punjab Curriculum & Textbook Board),https://drive.google.com/file/d/1Q3K2yvzsELPsLDUMk_OfILJMjwWHiTT_/preview,Official PCTB Muraqa-e-Adab 2020 Class 11 e-book / textbook.
ILM-UL-TALEEM Urdu Medium Class 11,Urdu,11,PCTB (Punjab Curriculum & Textbook Board),https://drive.google.com/file/d/1aLZM3juxqvFbXFpv11MVLWuhaLwe86g-/preview,Official PCTB ILM-UL-TALEEM Urdu Medium Class 11 e-book / textbook.
Akhlaqiat Class 11 2023–24,Ethics,11,PCTB (Punjab Curriculum & Textbook Board),https://drive.google.com/file/d/1FlWT8Xwn9aYVQLcUltNyI5o5nmXMQmrp/preview,Official PCTB Akhlaqiat Class 11 2023–24 e-book / textbook.
TARJUMA-TUL-QURAN-UL MAJEED Class 12,Islamic Studies,12,PCTB (Punjab Curriculum & Textbook Board),https://drive.google.com/file/d/1BYO3WE1_zdfx3xdTEtz6h83eTsLfBPdY/preview,Official PCTB TARJUMA-TUL-QURAN-UL MAJEED Class 12 e-book / textbook.
Human Geography (Insani) Class 12,Geography,12,PCTB (Punjab Curriculum & Textbook Board),https://drive.google.com/file/d/1KKzcZDp6GR3Jqs3PGDfHmwomU9bwJz5h/preview,Official PCTB Human Geography (Insani) Class 12 e-book / textbook.
Urdu 2020 Class 12,Urdu,12,PCTB (Punjab Curriculum & Textbook Board),https://drive.google.com/file/d/11xFErLIzGIuQgZDShaBLbpkoE2cQxNjz/preview,Official PCTB Urdu 2020 Class 12 e-book / textbook.
Pakstudy Urdu Medium Class 12,Urdu,12,PCTB (Punjab Curriculum & Textbook Board),https://drive.google.com/file/d/1p3SUuTOCLqAIOEGbSJdmjDlp7KHIO_0f/preview,Official PCTB Pakstudy Urdu Medium Class 12 e-book / textbook.
Pakstudy English Medium 2023–24 Class 12,English,12,PCTB (Punjab Curriculum & Textbook Board),https://drive.google.com/file/d/10yBVAqMslJgrVPyW7QEbSOHwekpukJNJ/preview,Official PCTB Pakstudy English Medium 2023–24 Class 12 e-book / textbook.
Chemistry English Medium 2020 Class 12,Chemistry,12,PCTB (Punjab Curriculum & Textbook Board),https://drive.google.com/file/d/1_3_fJt9AWxRP7AQEmvhVb8n6rOOlqv3q/preview,Official PCTB Chemistry English Medium 2020 Class 12 e-book / textbook.
Mr. Chips Class 12,English,12,PCTB (Punjab Curriculum & Textbook Board),https://drive.google.com/file/d/1juK6D7Z8G9el_ndHbdXqgruDU75tVFH6/preview,Official PCTB Mr. Chips Class 12 e-book / textbook.
English Book II 2020 Class 12,English,12,PCTB (Punjab Curriculum & Textbook Board),https://drive.google.com/file/d/1Nm-dlT0jwgFSVKaKJ6wuGGkj_naMKfsQ/preview,Official PCTB English Book II 2020 Class 12 e-book / textbook.
Biology English Medium 2020 Class 12,Biology,12,PCTB (Punjab Curriculum & Textbook Board),https://drive.google.com/file/d/1PQMrP44cXssuI1OJDCPE1YPz4dhwi_sY/preview,Official PCTB Biology English Medium 2020 Class 12 e-book / textbook.
Math 2020 Class 12,Mathematics,12,PCTB (Punjab Curriculum & Textbook Board),https://drive.google.com/file/d/1WDl6Vy0FQ4A10-qyYg6cipaaniWI9CIB/preview,Official PCTB Math 2020 Class 12 e-book / textbook.
Civics 2023–24 Class 12,Civics,12,PCTB (Punjab Curriculum & Textbook Board),https://drive.google.com/file/d/1alJkhKZwl1xcxl067mwF64qUCWUZ1qIM/preview,Official PCTB Civics 2023–24 Class 12 e-book / textbook.
Economics Class 12,Economics,12,PCTB (Punjab Curriculum & Textbook Board),https://drive.google.com/file/d/1hpdlUNGLZn6LPFIawwUlB3apxin2P6EU/preview,Official PCTB Economics Class 12 e-book / textbook.
Computer Science Class 12,Computer Science,12,PCTB (Punjab Curriculum & Textbook Board),https://drive.google.com/file/d/1cb7vS2EPLxdBJw_JWifjXZB1NriBoRJB/preview,Official PCTB Computer Science Class 12 e-book / textbook.
Statistics 2020 Class 12,Statistics,12,PCTB (Punjab Curriculum & Textbook Board),https://drive.google.com/file/d/1OfKr3W7ysNLubV4pJT3Rcbzu566mRd_w/preview,Official PCTB Statistics 2020 Class 12 e-book / textbook.
Physics 2022 Class 12,Physics,12,PCTB (Punjab Curriculum & Textbook Board),https://pctb.punjab.gov.pk/system/files/G12-PHYSICS%20r.pdf,Official PCTB Physics 2022 Class 12 e-book / textbook.
Farsi 2020 Class 12,Persian,12,PCTB (Punjab Curriculum & Textbook Board),https://drive.google.com/file/d/1oIRalghgA3KlU9G-Hayzq23W80Dzr-Hj/preview,Official PCTB Farsi 2020 Class 12 e-book / textbook.
Punjabi Ikhtiari (Adab Khazeeny) 2020 Class 12,Punjabi,12,PCTB (Punjab Curriculum & Textbook Board),https://drive.google.com/file/d/1k_i-Su8oPQ2h1vQdoSfoqRux5SgYFxBR/preview,Official PCTB Punjabi Ikhtiari (Adab Khazeeny) 2020 Class 12 e-book / textbook.
Ilm-ul-Taleem Class 12,Education,12,PCTB (Punjab Curriculum & Textbook Board),https://drive.google.com/file/d/18jeujdyMCpyiyVSwI_8F63TUeXXcuQ7t/preview,Official PCTB Ilm-ul-Taleem Class 12 e-book / textbook.
Psychology (Nafsiyat) 2020 Class 12,Psychology,12,PCTB (Punjab Curriculum & Textbook Board),https://drive.google.com/file/d/1ZRZtic47vymASUoqb6FUZ_R5L12oXObW/preview,Official PCTB Psychology (Nafsiyat) 2020 Class 12 e-book / textbook.
Mantaq 2020 Class 12,General,12,PCTB (Punjab Curriculum & Textbook Board),https://drive.google.com/file/d/1327Ux8HGrGzKw-QgI5gwGCxHJZunzdTw/preview,Official PCTB Mantaq 2020 Class 12 e-book / textbook.
"Hadiqa-tul-Adab, Arabic Elective (Juiz-ul-Sani) 2020 Class 12",Arabic,12,PCTB (Punjab Curriculum & Textbook Board),https://drive.google.com/file/d/1HntT-0u1nciYMVzxKyF0tO1BJdkyFmO4/preview,"Official PCTB Hadiqa-tul-Adab, Arabic Elective (Juiz-ul-Sani) 2020 Class 12 e-book / textbook."
Nafsiyat Class 12,Psychology,12,PCTB (Punjab Curriculum & Textbook Board),https://drive.google.com/file/d/1ZRZtic47vymASUoqb6FUZ_R5L12oXObW/preview,Official PCTB Nafsiyat Class 12 e-book / textbook.
ILM-UL-TALEEM Urdu Medium Class 12,Urdu,12,PCTB (Punjab Curriculum & Textbook Board),https://drive.google.com/file/d/1jCJXYcTsQHPLtkfiwg_VFmv5RB_kwJt6/preview,Official PCTB ILM-UL-TALEEM Urdu Medium Class 12 e-book / textbook.
Akhlaqiat 12 2023–24 Class 12,Ethics,12,PCTB (Punjab Curriculum & Textbook Board),https://drive.google.com/file/d/1dZDOCSvAd738tEoLZzj8f6tNcjCL1LgS/preview,Official PCTB Akhlaqiat 12 2023–24 Class 12 e-book / textbook.
Akhlaqiat 11–12 (Optional) 2020 Class 11 and 12,Ethics,11,PCTB (Punjab Curriculum & Textbook Board),https://drive.google.com/file/d/1ykzyNur64AqAFF68Q1MxFlfTdDitzalY/preview,Official PCTB Akhlaqiat 11–12 (Optional) 2020 Class 11 and 12 e-book / textbook.
Geography Workbook 2022–23 Class 11 and 12,Geography,11,PCTB (Punjab Curriculum & Textbook Board),https://drive.google.com/file/d/1EjXpL7x7r05BrvKM7FtfzMdjjwkU06Qp/preview,Official PCTB Geography Workbook 2022–23 Class 11 and 12 e-book / textbook.
Sehat-o-Jismani Taleem Urdu Medium Class 11 and 12,Urdu,11,PCTB (Punjab Curriculum & Textbook Board),https://drive.google.com/file/d/1cHCiX_Pq-4EEB9698otx_OEIjwr65hYC/preview,Official PCTB Sehat-o-Jismani Taleem Urdu Medium Class 11 and 12 e-book / textbook.
English Grammar and Composition (11–12) 2023–24 Class 11 and 12,English,11,PCTB (Punjab Curriculum & Textbook Board),https://drive.google.com/file/d/1MjEGc8wJjMhSyyWFghg_beASRVnEqELb/preview,Official PCTB English Grammar and Composition (11–12) 2023–24 Class 11 and 12 e-book / textbook.
Urdu Quaid-e-Insha 2024–25 Class 11 and 12,Urdu,11,PCTB (Punjab Curriculum & Textbook Board),https://drive.google.com/file/d/129lEy_rsYLa3CYS_j3s_0I8vnbyc_mG3/preview,Official PCTB Urdu Quaid-e-Insha 2024–25 Class 11 and 12 e-book / textbook.
Home Economics Class 11 and 12,Economics,11,PCTB (Punjab Curriculum & Textbook Board),https://drive.google.com/file/d/19Y6fX5qTKvJDxS4k4tPVq3c2cAtbPKTX/preview,Official PCTB Home Economics Class 11 and 12 e-book / textbook.